backdrop_path,title,original_language,original_title,overview,poster_path,media_type,genre_ids,popularity,release_date,vote_average,vote_count
https://image.tmdb.org/t/p/w1280/zzoFeH4PsV5Mh2Sc47JOMFwGYOX.jpg,Enola Holmes 2,en,Enola Holmes 2,"Now a detective-for-hire like her infamous brother, Enola Holmes takes on her first official case to find a missing girl, as the sparks of a dangerous conspiracy ignite a mystery that requires the help of friends — and Sherlock himself — to unravel.",https://image.tmdb.org/t/p/w1280/tegBpjM5ODoYoM1NjaiHVLEA0QM.jpg,movie,"[9648, 12, 80]",2273.762,2022-11-04,7.77,633
https://image.tmdb.org/t/p/w1280/8sMmAmN2x7mBiNKEX2o0aOTozEB.jpg,Black Panther: Wakanda Forever,en,Black Panther: Wakanda Forever,"Queen Ramonda, Shuri, M’Baku, Okoye and the Dora Milaje fight to protect their nation from intervening world powers in the wake of King T’Challa’s death. As the Wakandans strive to embrace their next chapter, the heroes must band together with the help of War Dog Nakia and Everett Ross and forge a new path for the kingdom of Wakanda.",https://image.tmdb.org/t/p/w1280/sv1xJUazXeYqALzczSZ3O6nkH75.jpg,movie,"[28, 12, 878]",2344.273,2022-11-09,7.523,261
https://image.tmdb.org/t/p/w1280/mqsPyyeDCBAghXyjbw4TfEYwljw.jpg,All Quiet on the Western Front,de,Im Westen nichts Neues,"Paul Baumer and his friends Albert and Muller, egged on by romantic dreams of heroism, voluntarily enlist in the German army. Full of excitement and patriotic fervour, the boys enthusiastically march into a war they believe in. But once on the Western Front, they discover the soul-destroying horror of World War I.",https://image.tmdb.org/t/p/w1280/hYqOjJ7Gh1fbqXrxlIao1g8ZehF.jpg,movie,"[10752, 18, 28]",2340.74,2022-10-07,7.859,668
https://image.tmdb.org/t/p/w1280/bQXAqRx2Fgc46uCVWgoPz5L5Dtr.jpg,Black Adam,en,Black Adam,"Nearly 5,000 years after he was bestowed with the almighty powers of the Egyptian gods—and imprisoned just as quickly—Black Adam is freed from his earthly tomb, ready to unleash his unique form of justice on the modern world.",https://image.tmdb.org/t/p/w1280/3zXceNTtyj5FLjwQXuPvLYK5YYL.jpg,movie,"[28, 14, 878]",3157.143,2022-10-19,6.9,1019
https://image.tmdb.org/t/p/w1280/AaV1YIdWKnjAIAOe8UUKBFm327v.jpg,Top Gun: Maverick,en,Top Gun: Maverick,"After more than thirty years of service as one of the Navy’s top aviators, and dodging the advancement in rank that would ground him, Pete “Maverick” Mitchell finds himself training a detachment of TOP GUN graduates for a specialized mission the likes of which no living pilot has ever seen.",https://image.tmdb.org/t/p/w1280/62HCnUTziyWcpDaBO2i1DX17ljH.jpg,movie,"[28, 18]",1220.823,2022-05-24,8.343,4669
https://image.tmdb.org/t/p/w1280/cn9GQzCaeYylEV2hymVR8bskRMJ.jpg,See How They Run,en,See How They Run,"In the West End of 1950s London, plans for a movie version of a smash-hit play come to an abrupt halt after a pivotal member of the crew is murdered. When world-weary Inspector Stoppard and eager rookie Constable Stalker take on the case, the two find themselves thrown into a puzzling whodunit within the glamorously sordid theater underground, investigating the mysterious homicide at their own peril.",https://image.tmdb.org/t/p/w1280/r3rpSAi2yukZwr9H2km0WKGODWo.jpg,movie,"[9648, 53, 35]",250.94,2022-09-09,6.655,261
https://image.tmdb.org/t/p/w1280/2SEGjVLy7fYbovIyDR7IntH1jT2.jpg,Barbarian,en,Barbarian,"In town for a job interview, a young woman arrives at her Airbnb late at night only to find that it has been mistakenly double-booked and a strange man is already staying there. Against her better judgement, she decides to stay the night anyway, but soon discovers that there is much more to be afraid of in the house than the other guest.",https://image.tmdb.org/t/p/w1280/idT5mnqPcJgSkvpDX7pJffBzdVH.jpg,movie,"[27, 9648, 53]",423.554,2022-09-08,6.985,642
https://image.tmdb.org/t/p/w1280/lInZWt4JQXZw3VzGvTM2I56L7gB.jpg,Causeway,en,Causeway,"A US soldier suffers a traumatic brain injury while fighting in Afghanistan and struggles to adjust to life back home in New Orleans. When she meets local mechanic James, the pair begin to forge an unexpected bond.",https://image.tmdb.org/t/p/w1280/bUzKIqFIS05Ss31zRTfZfHJIgDP.jpg,movie,[18],385.738,2022-10-28,6.959,73
https://image.tmdb.org/t/p/w1280/olPXihyFeeNvnaD6IOBltgIV1FU.jpg,Smile,en,Smile,"After witnessing a bizarre, traumatic incident involving a patient, Dr. Rose Cotter starts experiencing frightening occurrences that she can't explain. As an overwhelming terror begins taking over her life, Rose must confront her troubling past in order to survive and escape her horrifying new reality.",https://image.tmdb.org/t/p/w1280/aPqcQwu4VGEewPhagWNncDbJ9Xp.jpg,movie,"[27, 9648, 53]",635.835,2022-09-23,6.748,475
https://image.tmdb.org/t/p/w1280/7zQJYV02yehWrQN6NjKsBorqUUS.jpg,The Woman King,en,The Woman King,"The story of the Agojie, the all-female unit of warriors who protected the African Kingdom of Dahomey in the 1800s with skills and a fierceness unlike anything the world has ever seen, and General Nanisca as she trains the next generation of recruits and readies them for battle against an enemy determined to destroy their way of life.",https://image.tmdb.org/t/p/w1280/438QXt1E3WJWb3PqNniK0tAE5c1.jpg,movie,"[28, 18, 36]",230.488,2022-09-15,7.383,264
https://image.tmdb.org/t/p/w1280/zt6sKnx9dEiRCb7oVMlfmmMGJMO.jpg,Bullet Train,en,Bullet Train,"Unlucky assassin Ladybug is determined to do his job peacefully after one too many gigs gone off the rails. Fate, however, may have other plans, as Ladybug's latest mission puts him on a collision course with lethal adversaries from around the globe—all with connected, yet conflicting, objectives—on the world's fastest train.",https://image.tmdb.org/t/p/w1280/tVxDe01Zy3kZqaZRNiXFGDICdZk.jpg,movie,"[28, 35, 53]",887.138,2022-07-03,7.513,2266
https://image.tmdb.org/t/p/w1280/ulyR4pWVMRtVcanoassVbmgfEPT.jpg,Ticket to Paradise,en,Ticket to Paradise,A divorced couple teams up and travels to Bali to stop their daughter from making the same mistake they think they made 25 years ago.,https://image.tmdb.org/t/p/w1280/1tzERH50P5c2mFWtLbgixzLZS1L.jpg,movie,"[10749, 35]",367.408,2022-09-08,6.989,264
https://image.tmdb.org/t/p/w1280/4O9kFXsBjlxtgzXWHfgMS9CjhbN.jpg,Don't Worry Darling,en,Don't Worry Darling,"Alice and Jack are lucky to be living in the idealized community of Victory, the experimental company town housing the men who work for the top-secret Victory Project and their families. But when cracks in their idyllic life begin to appear, exposing flashes of something much more sinister lurking beneath the attractive façade, Alice can’t help questioning exactly what they’re doing in Victory, and why.",https://image.tmdb.org/t/p/w1280/9BXYLjXtSipBp2GfAlsri4i8hPC.jpg,movie,"[53, 9648, 878]",512.647,2022-09-21,6.933,830
https://image.tmdb.org/t/p/w1280/8S9kd6n2d6KpuNfqpTF8aMgYIg0.jpg,My Policeman,en,My Policeman,"In the late 1990s, the arrival of elderly invalid Patrick into Marion and Tom’s home triggers the exploration of seismic events from 40 years previous: the passionate relationship between Tom and Patrick at a time when homosexuality was illegal.",https://image.tmdb.org/t/p/w1280/wdbiMjXd4CxPfCx4r4Jfy8cGec0.jpg,movie,"[18, 10749]",608.917,2022-10-21,8.167,218
https://image.tmdb.org/t/p/w1280/rV0xrSgkOQj2EpiG8n16VHHJeg3.jpg,The Good Nurse,en,The Good Nurse,"Suspicious that her colleague is responsible for a series of mysterious patient deaths, a nurse risks her own life to uncover the truth in this gripping thriller based on true events.",https://image.tmdb.org/t/p/w1280/rSq6cq0LCcbro10jbEaPTEb3WmW.jpg,movie,"[18, 80, 9648]",262.323,2022-10-19,7.106,434
https://image.tmdb.org/t/p/w1280/kmzppWh7ljL6K9fXW72bPN3gKwu.jpg,R.I.P.D. 2: Rise of the Damned,en,R.I.P.D. 2: Rise of the Damned,"When Sheriff Roy Pulsipher finds himself in the afterlife, he joins a special police force and returns to Earth to save humanity from the undead.",https://image.tmdb.org/t/p/w1280/g4yJTzMtOBUTAR2Qnmj8TYIcFVq.jpg,movie,"[14, 28, 35, 80]",136.623,2022-11-15,6.609,46
https://image.tmdb.org/t/p/w1280/707thQazLJiYLBhCrZlRoV05NNL.jpg,Lost Bullet 2,fr,Balle perdue 2,"Having cleared his name, genius mechanic Lino has only one goal in mind: getting revenge on the corrupt cops who killed his brother and his mentor.",https://image.tmdb.org/t/p/w1280/uAeZI1JJbLPq7Bu5dziH7emHeu7.jpg,movie,"[28, 18, 53]",183.382,2022-11-10,7.952,21
https://image.tmdb.org/t/p/w1280/y4XBYLldCLuNLVeObTndfAaUrc3.jpg,Overdose,fr,Overdose,"Captain Sara Bellaiche, from Toulouse Judiciary Police branch, is investigating a go-fast linked to the murder of two teenagers, an investigation led by Richard Cross, from the Paris Criminal Brigade. Forced to collaborate in order to find the murderer and stop the bloody go-fast, Sara and Richard are both thrown in a breathless race against the clock on the roads of Spain and France.",https://image.tmdb.org/t/p/w1280/9RvM4wawLRlX608FgZr9kL8CLmy.jpg,movie,"[28, 80, 53]",438.339,2022-11-04,6.5,58
https://image.tmdb.org/t/p/w1280/79PcXPpbDWql74h8Y00mNwbYMbS.jpg,Amsterdam,en,Amsterdam,"In the 1930s, three friends—a doctor, a nurse, and an attorney—witness a murder, become suspects themselves and uncover one of the most outrageous plots in North American history.",https://image.tmdb.org/t/p/w1280/chCrPG0LJeilfJwsWPAfmWiJI2T.jpg,movie,"[80, 35, 36, 9648, 53]",66.724,2022-09-27,6.1,229
https://image.tmdb.org/t/p/w1280/8hSx5b4YfD2dzvGtrE6mdXF0xrZ.jpg,Weird: The Al Yankovic Story,en,Weird: The Al Yankovic Story,"Exploring every facet of ‘Weird Al’ Yankovic’s life, from his meteoric rise to fame with early hits like ‘Eat It’ and ‘Like a Surgeon’ to his torrid celebrity love affairs and famously depraved lifestyle, this biopic takes audiences on a truly unbelievable journey through Yankovic’s life and career, from gifted child prodigy to the greatest musical legend of all time.",https://image.tmdb.org/t/p/w1280/qcj2z13G0KjaIgc01ifiUKu7W07.jpg,movie,"[35, 10402, 18]",69.64,2022-09-08,6.679,56
https://image.tmdb.org/t/p/w1280/aTovumsNlDjof7YVoU5nW2RHaYn.jpg,Halloween Ends,en,Halloween Ends,"Four years after the events of Halloween in 2018, Laurie has decided to liberate herself from fear and rage and embrace life. But when a young man is accused of killing a boy he was babysitting, it ignites a cascade of violence and terror that will force Laurie to finally confront the evil she can’t control, once and for all.",https://image.tmdb.org/t/p/w1280/h1FGQ6FRW6kNx4ACxjCJ18ssW3Y.jpg,movie,"[27, 53]",632.586,2022-10-12,6.532,915
https://image.tmdb.org/t/p/w1280/jsoz1HlxczSuTx0mDl2h0lxy36l.jpg,Thor: Love and Thunder,en,Thor: Love and Thunder,"After his retirement is interrupted by Gorr the God Butcher, a galactic killer who seeks the extinction of the gods, Thor Odinson enlists the help of King Valkyrie, Korg, and ex-girlfriend Jane Foster, who now wields Mjolnir as the Mighty Thor. Together they embark upon a harrowing cosmic adventure to uncover the mystery of the God Butcher’s vengeance and stop him before it’s too late.",https://image.tmdb.org/t/p/w1280/pIkRyD18kl4FhoCNQuWxWu5cBLM.jpg,movie,"[14, 28, 35]",1000.064,2022-07-06,6.724,4593
https://image.tmdb.org/t/p/w1280/x1VhwiNjr1dD0s5PT2iYvvOh2Op.jpg,Nope,en,Nope,"Residents in a lonely gulch of inland California bear witness to an uncanny, chilling discovery.",https://image.tmdb.org/t/p/w1280/AcKVlWaNVVVFQwro3nLXqPljcYA.jpg,movie,"[27, 9648, 878, 53]",348.278,2022-07-20,6.974,1967
https://image.tmdb.org/t/p/w1280/y5Z0WesTjvn59jP6yo459eUsbli.jpg,Terrifier 2,en,Terrifier 2,"After being resurrected by a sinister entity, Art the Clown returns to Miles County where he must hunt down and destroy a teenage girl and her younger brother on Halloween night.  As the body count rises, the siblings fight to stay alive while uncovering the true nature of Art's evil intent.",https://image.tmdb.org/t/p/w1280/b6IRp6Pl2Fsq37r9jFhGoLtaqHm.jpg,movie,"[27, 53]",3422.852,2022-10-06,6.986,554
https://image.tmdb.org/t/p/w1280/14QbnygCuTO0vl7CAFmPf1fgZfV.jpg,Spider-Man: No Way Home,en,Spider-Man: No Way Home,"Peter Parker is unmasked and no longer able to separate his normal life from the high-stakes of being a super-hero. When he asks for help from Doctor Strange the stakes become even more dangerous, forcing him to discover what it truly means to be Spider-Man.",https://image.tmdb.org/t/p/w1280/uJYYizSuA9Y3DCs0qS4qWvHfZg4.jpg,movie,"[28, 12, 878]",768.893,2021-12-15,8.0,15781
https://image.tmdb.org/t/p/w1280/ismKv6IsvtANiwjYbPted9xAy3p.jpg,Falling for Christmas,en,Falling for Christmas,"A newly engaged and spoiled hotel heiress finds herself in the care of a handsome, blue-collar lodge owner and his precocious daughter after getting total amnesia in a skiing accident.",https://image.tmdb.org/t/p/w1280/6GkphwL9s6dZb3DoQS9OQ4LcPgY.jpg,movie,"[10749, 35]",210.202,2022-11-10,6.941,59
https://image.tmdb.org/t/p/w1280/aQOWnw3HydsCQZ10O0wvxFOaWc3.jpg,Medieval,en,Medieval,The story of 14th century Czech icon and warlord Jan Zizka who defeated armies of the Teutonic Order and the Holy Roman Empire.,https://image.tmdb.org/t/p/w1280/4njdAkiBdC5LnFApeXSkFQ78GdT.jpg,movie,"[36, 28, 18]",161.094,2022-09-08,7.196,79
https://image.tmdb.org/t/p/w1280/tSxbUnrnWlR5dQvUgqMI7sACmFD.jpg,The School for Good and Evil,en,The School for Good and Evil,Best friends Sophie and Agatha navigate an enchanted school for young heroes and villains — and find themselves on opposing sides of the battle between good and evil.,https://image.tmdb.org/t/p/w1280/6oZeEu1GDILdwezmZ5e2xWISf1C.jpg,movie,"[14, 28, 18]",899.816,2022-10-19,7.318,539
https://image.tmdb.org/t/p/w1280/cvOHMfZTxIiNI9yyjYgYfCpT48p.jpg,The Takeover,nl,The Takeover,Self-proclaimed ethical hacker Mel Bandison's life is turned upside down when she stops a data breach on a high-tech self-driving bus that also happens to shut down an international criminal network. She then becomes a target and is framed with a deepfake video that “shows” that she murders someone.,https://image.tmdb.org/t/p/w1280/g7rdcofib7HqdlDP1LT7Hmf1f2o.jpg,movie,"[28, 80, 53]",1136.138,2022-11-01,5.7,59
https://image.tmdb.org/t/p/w1280/5MEr4ndnSRP0y7MxW14PpgdoQ8o.jpg,The Soccer Football Movie,en,The Soccer Football Movie,"When mysterious green slime monsters start popping out of soccer balls, all-star athletes Zlatan Ibrahimović and Megan Rapinoe must team up with their four biggest fans to stop evil scientist ""Weird Al"" Yankovic from stealing their talent.",https://image.tmdb.org/t/p/w1280/sWoYDNPNZs5MtzPbirXV73tIHrA.jpg,movie,"[16, 35, 10751]",106.385,2022-11-09,7.2,16
https://image.tmdb.org/t/p/w1280/vTDsdu7RoaMQhvyL6073spQMjQW.jpg,On the Line,en,On the Line,A provocative and edgy radio host must play a dangerous game of cat and mouse with a mysterious caller who's kidnapped his family and is threatening to blow up the whole station.,https://image.tmdb.org/t/p/w1280/a14BbSHvLgzCdbDD6tAL8OBVKL1.jpg,movie,[53],558.876,2022-10-31,6.601,79
https://image.tmdb.org/t/p/w1280/oxUG1YVKDXz8GqC57LuhZHLVscf.jpg,Pearl,en,Pearl,"Trapped on her family’s isolated farm, Pearl must tend to her ailing father under the bitter and overbearing watch of her devout mother. Lusting for a glamorous life like she’s seen in the movies, Pearl’s ambitions, temptations and repressions collide.",https://image.tmdb.org/t/p/w1280/qjtefF98mmu8louiPikoLbW99TI.jpg,movie,[27],80.424,2022-09-16,7.086,187
https://image.tmdb.org/t/p/w1280/pQQggUuDMleFSl2tQYxzTmKIiLU.jpg,Enola Holmes,en,Enola Holmes,"While searching for her missing mother, intrepid teen Enola Holmes uses her sleuthing skills to outsmart big brother Sherlock and help a runaway lord.",https://image.tmdb.org/t/p/w1280/riYInlsq2kf1AWoGm80JQW5dLKp.jpg,movie,"[28, 12, 9648, 35, 80]",338.058,2020-09-23,7.331,4837
https://image.tmdb.org/t/p/w1280/apBUC70udhxoLzXo7DqclQ6gcXo.jpg,Wendell & Wild,en,Wendell & Wild,Two demon brothers enlist the aid of Kat Elliot — a tough teen with a load of guilt — to summon them to the Land of the Living. But what Kat demands in return leads to a brilliantly bizarre and comedic adventure like no other.,https://image.tmdb.org/t/p/w1280/5dsX6UAHqkQz1kiV8bs8SvjyVNa.jpg,movie,"[16, 35, 14, 12]",514.948,2022-10-21,6.736,104
https://image.tmdb.org/t/p/w1280/198vrF8k7mfQ4FjDJsBmdQcaiyq.jpg,Avatar: The Way of Water,en,Avatar: The Way of Water,"Set more than a decade after the events of the first film, learn the story of the Sully family (Jake, Neytiri, and their kids), the trouble that follows them, the lengths they go to keep each other safe, the battles they fight to stay alive, and the tragedies they endure.",https://image.tmdb.org/t/p/w1280/94xxm5701CzOdJdUEdIuwqZaowx.jpg,movie,"[878, 28, 12]",600.836,2022-12-14,0.0,0
https://image.tmdb.org/t/p/w1280/pfAZP7JvTTxqgq7n6A1OYgkAdEW.jpg,Werewolf by Night,en,Werewolf by Night,"On a dark and somber night, a secret cabal of monster hunters emerge from the shadows and gather at the foreboding Bloodstone Temple following the death of their leader. In a strange and macabre memorial to the leader’s life, the attendees are thrust into a mysterious and deadly competition for a powerful relic—a hunt that will ultimately bring them face to face with a dangerous monster.",https://image.tmdb.org/t/p/w1280/jmv7EbqBuEk4V1U7OoSBaxkwawO.jpg,movie,"[28, 14, 27, 10770]",194.47,2022-09-25,7.128,613
https://image.tmdb.org/t/p/w1280/oKqsZr4Jq1Y3fPZ0ufgzUs2ToK2.jpg,Run Sweetheart Run,en,Run Sweetheart Run,A woman runs for her life though the streets of Los Angeles after her blind date suddenly turns violent.,https://image.tmdb.org/t/p/w1280/9xf3aiAxjx2H34EwwVFFlOrr0nt.jpg,movie,"[53, 27]",328.86,2020-01-27,6.07,50
https://image.tmdb.org/t/p/w1280/b0PlSFdDwbyK0cf5RxwDpaOJQvQ.jpg,The Batman,en,The Batman,"In his second year of fighting crime, Batman uncovers corruption in Gotham City that connects to his own family while facing a serial killer known as the Riddler.",https://image.tmdb.org/t/p/w1280/74xTEgt7R36Fpooo50r9T25onhq.jpg,movie,"[80, 9648, 53]",472.163,2022-03-01,7.716,6699
https://image.tmdb.org/t/p/w1280/gUNRlH66yNDH3NQblYMIwgZXJ2u.jpg,Doctor Strange in the Multiverse of Madness,en,Doctor Strange in the Multiverse of Madness,"Doctor Strange, with the help of mystical allies both old and new, traverses the mind-bending and dangerous alternate realities of the Multiverse to confront a mysterious new adversary.",https://image.tmdb.org/t/p/w1280/fwBl3J2aEXru6mrr9Xg8O99Iz2K.jpg,movie,"[14, 28, 12]",622.915,2022-05-04,7.445,6276
https://image.tmdb.org/t/p/w1280/tUBN1paMQ1tmVA5Sjy1ZjPWVsiF.jpg,Tad the Lost Explorer and the Emerald Tablet,es,Tadeo Jones 3: La Tabla Esmeralda,"Tad would love for his archeologist colleagues to accept him as one of their own, but he always messes everything up. Tad accidentally destroys a sarcophagus and unleashes an ancient spell endangering the lives of his friends: Mummy, Jeff and Belzoni. With everyone against him and only helped by Sara, he sets off on an adventure that will take him from Mexico to Chicago and from Paris to Egypt, in order to put an end to the curse of the Mummy.",https://image.tmdb.org/t/p/w1280/oVcNuwbbxl3IIvk28Spi6wYYIti.jpg,movie,"[12, 16, 35, 10751, 14]",350.895,2022-08-24,7.727,44
https://image.tmdb.org/t/p/w1280/7ABsaBkO1jA2psC8Hy4IDhkID4h.jpg,Avatar,en,Avatar,"In the 22nd century, a paraplegic Marine is dispatched to the moon Pandora on a unique mission, but becomes torn between following orders and protecting an alien civilization.",https://image.tmdb.org/t/p/w1280/jRXYjXNq0Cs2TcJjLkki24MLp7u.jpg,movie,"[28, 12, 14, 878]",607.505,2009-12-15,7.528,26506
https://image.tmdb.org/t/p/w1280/7R1gR2t4JL6raEOuZvbP3y0yl8r.jpg,Matriarch,en,Matriarch,"Afflicted with a mysterious disease after surviving an overdose, a woman returns to her childhood home to confront her personal demons but instead discovers a real one.",https://image.tmdb.org/t/p/w1280/eyr8okTqsFTUVW3DD1edTMsWc3u.jpg,movie,[27],228.507,2022-10-11,5.257,35
https://image.tmdb.org/t/p/w1280/vFGDYJZA7NenGR1OaEGz0pKKFEs.jpg,Minions: The Rise of Gru,en,Minions: The Rise of Gru,"A fanboy of a supervillain supergroup known as the Vicious 6, Gru hatches a plan to become evil enough to join them, with the backup of his followers, the Minions.",https://image.tmdb.org/t/p/w1280/wKiOkZTN9lUUUNZLmtnwubZYONg.jpg,movie,"[16, 10751]",721.859,2022-06-29,7.534,2296
https://image.tmdb.org/t/p/w1280/jauI01vUIkPA0xVsamGj0Gs1nNL.jpg,Jurassic World Dominion,en,Jurassic World Dominion,"Four years after the destruction of Isla Nublar, Biosyn operatives attempt to track down Maisie Lockwood, while Dr Ellie Sattler investigates a genetically engineered swarm of giant insects.",https://image.tmdb.org/t/p/w1280/kAVRgw7GgK1CfYEJq8ME6EvRIgU.jpg,movie,"[12, 28, 878]",853.717,2022-06-01,6.996,3814
https://image.tmdb.org/t/p/w1280/cDoOsuq9lOTqeS3Kje2GVUDIiqb.jpg,Emily the Criminal,en,Emily the Criminal,"Emily, who is saddled with student debt and locked out of the job market due to a minor criminal record, gets involved in a credit card scam that pulls her into the criminal underworld of Los Angeles, ultimately leading to deadly consequences.",https://image.tmdb.org/t/p/w1280/iZvzMpREGiqDQ5eYbx8z70qPgst.jpg,movie,"[80, 18, 9648, 53]",229.932,2022-08-12,6.834,154
https://image.tmdb.org/t/p/w1280/rBINWYnecAHfpjYiAYaK0jlsXtp.jpg,Brahmāstra Part One: Shiva,hi,ब्रह्मास्त्र पहला भाग: शिवा,"The story of Shiva – a young man on the brink of an epic love, with a girl named Isha. But their world is turned upside down when Shiva learns that he has a mysterious connection to the Brahmāstra... and a great power within him that he doesn’t understand just yet - the power of Fire.",https://image.tmdb.org/t/p/w1280/7rWCfYptl7TU7psCHezn1ZP9GH9.jpg,movie,"[28, 12, 14]",39.335,2022-09-09,6.509,55
https://image.tmdb.org/t/p/w1280/gJESrIalQkXe7bh9ckyQvgCSlhq.jpg,My Father's Dragon,en,My Father's Dragon,"Struggling to cope after a move to the city with his mother, Elmer runs away in search of Wild Island and a young dragon who waits to be rescued. Elmer’s adventures introduce him to ferocious beasts, a mysterious island and the friendship of a lifetime.",https://image.tmdb.org/t/p/w1280/6hgEe1w0An5fKi3ZqIUBwOyIN2y.jpg,movie,"[16, 12, 10751, 14, 35]",22.117,2022-11-04,6.0,2
https://image.tmdb.org/t/p/w1280/t3LicFpYHeYpwqm7L5wDpd22hL5.jpg,Harry Potter and the Philosopher's Stone,en,Harry Potter and the Philosopher's Stone,"Harry Potter has lived under the stairs at his aunt and uncle's house his whole life. But on his 11th birthday, he learns he's a powerful wizard—with a place waiting for him at the Hogwarts School of Witchcraft and Wizardry. As he learns to harness his newfound powers with the help of the school's kindly headmaster, Harry uncovers the truth about his parents' deaths—and about the villain who's to blame.",https://image.tmdb.org/t/p/w1280/wuMc08IPKEatf9rnMNXvIDxqP4W.jpg,movie,"[12, 14]",235.668,2001-11-16,7.916,23518
https://image.tmdb.org/t/p/w1280/wp3vpSWAIjKSEeYb8F5NSZfONqw.jpg,Everything Everywhere All at Once,en,Everything Everywhere All at Once,"An aging Chinese immigrant is swept up in an insane adventure, where she alone can save what's important to her by connecting with the lives she could have led in other universes.",https://image.tmdb.org/t/p/w1280/w3LxiVYdWWRvEVdn5RYq6jIqkb1.jpg,movie,"[28, 12, 878]",83.385,2022-03-24,8.13,2207
https://image.tmdb.org/t/p/w1280/2k9tBql5GYH328Krj66tDT9LtFZ.jpg,Beast,en,Beast,"A recently widowed man and his two teenage daughters travel to a game reserve in South Africa. However, their journey of healing soon turns into a fight for survival when a bloodthirsty lion starts to stalk them.",https://image.tmdb.org/t/p/w1280/xIGr7UHsKf0URWmyyd5qFMAq4d8.jpg,movie,"[53, 12, 27]",695.977,2022-08-11,7.041,776
https://image.tmdb.org/t/p/w1280/u6WzMRpTkGzIlfsPNtDfIBfEy9z.jpg,The Stranger,en,The Stranger,"Two strangers strike up a conversation on a long journey. One is a suspect in an unsolved missing person’s case and the other an undercover operative on his trail. Their uneasy friendship becomes the core of this tightly wrought thriller, which is based on the true story of one of the largest investigations and undercover operations in Australia.",https://image.tmdb.org/t/p/w1280/ydbm5Ad1nyZq7eywWsw82Wxdsgg.jpg,movie,"[80, 18, 9648, 53]",803.993,2022-10-06,6.134,101
https://image.tmdb.org/t/p/w1280/6ELJEzQJ3Y45HczvreC3dg0GV5R.jpg,Black Panther,en,Black Panther,"King T'Challa returns home to the reclusive, technologically advanced African nation of Wakanda to serve as his country's new leader. However, T'Challa soon finds that he is challenged for the throne by factions within his own country as well as without. Using powers reserved to Wakandan kings, T'Challa assumes the Black Panther mantle to join with ex-girlfriend Nakia, the queen-mother, his princess-kid sister, members of the Dora Milaje (the Wakandan 'special forces') and an American secret agent, to prevent Wakanda from being dragged into a world war.",https://image.tmdb.org/t/p/w1280/uxzzxijgPIY7slzFvMotPv8wjKA.jpg,movie,"[28, 12, 878]",548.87,2018-02-13,7.393,19730
https://image.tmdb.org/t/p/w1280/7Y3LdmsZukXhmwxtO0UF95BFBTt.jpg,Where the Crawdads Sing,en,Where the Crawdads Sing,"Abandoned by her family, Kya raises herself all alone in the marshes outside of her small town. When her former boyfriend is found dead, Kya is instantly branded by the local townspeople and law enforcement as the prime suspect for his murder.",https://image.tmdb.org/t/p/w1280/6h5OCqRnWH7Dcm4IeP4JypBdtuI.jpg,movie,"[18, 9648, 53]",106.742,2022-07-15,7.694,569
https://image.tmdb.org/t/p/w1280/jvulRWEbRnDpUx0UUBB42IuTe87.jpg,Robbing Mussolini,it,Rapiniamo il Duce,"At the end of WWII, an ambitious bootlegger and his nightclub-singing girlfriend assemble a ragtag bunch of misfits for an impossible heist: to steal Mussolini's treasure right from his headquarters.",https://image.tmdb.org/t/p/w1280/cbdHqb0kZTgF7jQbUw41KEYVInb.jpg,movie,"[28, 12, 35, 80, 10752]",209.774,2022-10-26,5.718,126
https://image.tmdb.org/t/p/w1280/21ldFAokKVjwzi1SHXoPb5gc7md.jpg,X,en,X,"In 1979, a group of young filmmakers set out to make an adult film in rural Texas, but when their reclusive, elderly hosts catch them in the act, the cast find themselves fighting for their lives. Hilarity ensues.",https://image.tmdb.org/t/p/w1280/A7YPhQKdcr6XB1kCUdS4tHifYWd.jpg,movie,"[27, 9648, 53]",231.434,2022-03-17,6.765,1221
https://image.tmdb.org/t/p/w1280/Ach0puWzxuO2imh1yWEUK7CGsx.jpg,One Piece Film Red,ja,ONE PIECE FILM RED,"Uta — the most beloved singer in the world. Her voice, which she sings with while concealing her true identity, has been described as “otherworldly.” She will appear in public for the first time at a live concert. As the venue fills with all kinds of Uta fans — excited pirates, the Navy watching closely, and the Straw Hats led by Luffy who simply came to enjoy her sonorous performance — the voice that the whole world has been waiting for is about to resound.",https://image.tmdb.org/t/p/w1280/m80kPdrmmtEh9wlLroCp0bwUGH0.jpg,movie,"[16, 12, 28, 14]",904.088,2022-08-06,7.385,170
https://image.tmdb.org/t/p/w1280/pKfvYWbxhVnGHg6By3VaxtrbLZe.jpg,Beyond the Universe,pt,Depois do Universo,"While waiting for a kidney transplant, a young pianist finds an unexpected connection with her doctor — and the courage to fulfill her musical dreams.",https://image.tmdb.org/t/p/w1280/AlAP6WRSBuf5cP8OgpHTF45BPUp.jpg,movie,"[10749, 18, 35]",601.788,2022-10-27,8.2,100
https://image.tmdb.org/t/p/w1280/xXSjMjCdZ6v7NIFvsSMNqe4ySkF.jpg,Hellhole,pl,Ostatnia Wieczerza,"In a monastery cut off from the world, the monks run a clinic for the possessed. One day, a young policeman Marek comes to the convent. Posing as a clergyman, he penetrates monastic life and tries to explain the recent, mysterious disappearance of several tormented inmates. It turns out, however, that there is no way out of the monastery.",https://image.tmdb.org/t/p/w1280/y47wBamj9vdqBeGaLEFTrYEPTeC.jpg,movie,[27],347.401,2022-10-26,6.062,98
https://image.tmdb.org/t/p/w1280/naNXYdBzTEb1KwOdi1RbBkM9Zv1.jpg,Terrifier,en,Terrifier,"On Halloween night, a young woman finds herself as the obsession of a sadistic murderer known as Art the Clown.",https://image.tmdb.org/t/p/w1280/nfRlQCl590F30L37aihuqBGBvaO.jpg,movie,"[27, 53]",1159.134,2016-03-15,6.563,941
https://image.tmdb.org/t/p/w1280/sP1ShE4BGLkHSRqG9ZeGHg6C76t.jpg,The Minute You Wake Up Dead,en,The Minute You Wake Up Dead,"A stockbroker in a small southern town gets embroiled in an insurance scam with a next-door neighbor that leads to multiple murders when a host of other people want in on the plot. Sheriff Thurmond Fowler, the by-the-book town sheriff for over four decades, works earnestly to try and unravel the town’s mystery and winds up getting more than he bargained for.",https://image.tmdb.org/t/p/w1280/cAuBJBCO6qDe8rmrs5Hw50ZoqKi.jpg,movie,"[53, 80]",39.463,2022-11-04,4.889,9
https://image.tmdb.org/t/p/w1280/yo0qfH2dQGGMxkfivdkz5zxVatD.jpg,The Invitation,en,The Invitation,"After the death of her mother, Evie is approached by an unknown cousin who invites her to a lavish wedding in the English countryside. Soon, she realizes a gothic conspiracy is afoot and must fight for survival as she uncovers twisted secrets in her family’s history.",https://image.tmdb.org/t/p/w1280/jcTq6gIskCsHlKDvCKKouEfiU66.jpg,movie,"[27, 53]",1180.279,2022-08-24,6.425,302
https://image.tmdb.org/t/p/w1280/mifoXrO18fyEBPYn9UqNduunod9.jpg,Raymond & Ray,en,Raymond & Ray,"Half brothers Raymond and Ray reunite when their estranged father dies—and discover that his final wish was for them to dig his grave. Together, they process who they’ve become as men, both because of their father and in spite of him.",https://image.tmdb.org/t/p/w1280/fdKZmSQHD17JjGUYkluhpttgJRi.jpg,movie,"[18, 35]",99.784,2022-10-14,7.071,63
https://image.tmdb.org/t/p/w1280/wbEjiLsBbLUzkrRV7WoCx2Xkjdt.jpg,Last Seen Alive,en,Last Seen Alive,"After Will Spann's wife suddenly vanishes at a gas station, his desperate search to find her leads him down a dark path that forces him to run from authorities and take the law into his own hands.",https://image.tmdb.org/t/p/w1280/qvqyDj34Uivokf4qIvK4bH0m0qF.jpg,movie,"[28, 53]",273.79,2022-05-19,6.591,467
https://image.tmdb.org/t/p/w1280/rl7Jw8PjhSIjArOlDNv0JQPL1ZV.jpg,20th Century Girl,ko,20 Century Girl,"Yeon-du asks her best friend Bora to collect all the information she can about Baek Hyun-jin while she is away in the U.S. for heart surgery. Bora decides to get close to Baek's best friend, Pung Woon-ho first. However, Bora's clumsy plan unfolds in an unexpected direction. In 1999, a year before the new century, Bora, who turns seventeen, falls into the fever of first love.",https://image.tmdb.org/t/p/w1280/od22ftNnyag0TTxcnJhlsu3aLoU.jpg,movie,"[10749, 18]",465.536,2022-10-06,8.836,217
https://image.tmdb.org/t/p/w1280/utUVo1wt3i4OdrQQS3I9QeegYsM.jpg,Men,en,Men,"In the aftermath of a personal tragedy, Harper retreats alone to the beautiful English countryside, hoping to find a place to heal. But someone — or something — from the surrounding woods appears to be stalking her, and what begins as simmering dread becomes a fully-formed nightmare, inhabited by her darkest memories and fears.",https://image.tmdb.org/t/p/w1280/jo1Kv3P3UgDVk7JnUFr2Cl8WWUM.jpg,movie,"[27, 53, 14]",900.505,2022-05-20,6.291,450
https://image.tmdb.org/t/p/w1280/8SKOYP0ukOCAixubONgTpWcMCKA.jpg,Selena Gomez: My Mind & Me,en,Selena Gomez: My Mind & Me,"After years in the limelight, Selena Gomez achieves unimaginable stardom. But just as she reaches a new peak, an unexpected turn pulls her into darkness. This uniquely raw and intimate documentary spans her six-year journey into a new light.",https://image.tmdb.org/t/p/w1280/oMpsswJv8x4vnOnIKqs4xJs2Kn3.jpg,movie,"[99, 10402]",366.412,2022-11-04,8.8,101
https://image.tmdb.org/t/p/w1280/t2mK9akzwmnGYIXHH9qShBP55QX.jpg,Prey for the Devil,en,Prey for the Devil,"In response to a global rise in demonic possessions, the Catholic Church reopens exorcism schools to train priests in the Rite of Exorcism. On this spiritual battlefield, an unlikely warrior rises: a young nun, Sister Ann. Thrust onto the spiritual frontline with fellow student Father Dante, Sister Ann finds herself in a battle for the soul of a young girl and soon realizes the Devil has her right where he wants her.",https://image.tmdb.org/t/p/w1280/w3s6XEDNVGq5LUlghqs6VlvsvL6.jpg,movie,"[27, 53]",120.886,2022-10-23,5.878,49
https://image.tmdb.org/t/p/w1280/5GA3vV1aWWHTSDO5eno8V5zDo8r.jpg,Orphan: First Kill,en,Orphan: First Kill,"After escaping from an Estonian psychiatric facility, Leena Klammer travels to America by impersonating Esther, the missing daughter of a wealthy family. But when her mask starts to slip, she is put against a mother who will protect her family from the murderous “child” at any cost.",https://image.tmdb.org/t/p/w1280/pHkKbIRoCe7zIFvqan9LFSaQAde.jpg,movie,"[27, 53]",985.943,2022-07-27,6.819,1265
https://image.tmdb.org/t/p/w1280/1DBDwevWS8OhiT3wqqlW7KGPd6m.jpg,Fall,en,Fall,"For best friends Becky and Hunter, life is all about conquering fears and pushing limits. But after they climb 2,000 feet to the top of a remote, abandoned radio tower, they find themselves stranded with no way down. Now Becky and Hunter’s expert climbing skills will be put to the ultimate test as they desperately fight to survive the elements, a lack of supplies, and vertigo-inducing heights",https://image.tmdb.org/t/p/w1280/spCAxD99U1A6jsiePFoqdEcY0dG.jpg,movie,[53],1381.313,2022-08-11,7.304,1696
https://image.tmdb.org/t/p/w1280/iS9U3VHpPEjTWnwmW56CrBlpgLj.jpg,Hocus Pocus 2,en,Hocus Pocus 2,"29 years since the Black Flame Candle was last lit, the 17th-century Sanderson sisters are resurrected, and they are looking for revenge. Now it's up to three high school students to stop the ravenous witches from wreaking a new kind of havoc on Salem before dawn on All Hallow's Eve.",https://image.tmdb.org/t/p/w1280/7ze7YNmUaX81ufctGqt0AgHxRtL.jpg,movie,"[14, 35, 10751]",1065.383,2022-09-27,7.559,1078
https://image.tmdb.org/t/p/w1280/tqj7NKj11keFuLzPsBDMUq2dOUO.jpg,The Lord of the Rings: The Fellowship of the Ring,en,The Lord of the Rings: The Fellowship of the Ring,"Young hobbit Frodo Baggins, after inheriting a mysterious ring from his uncle Bilbo, must leave his home in order to keep it from falling into the hands of its evil creator. Along the way, a fellowship is formed to protect the ringbearer and make sure that the ring arrives at its final destination: Mt. Doom, the only place where it can be destroyed.",https://image.tmdb.org/t/p/w1280/6oom5QYQ2yQTMJIbnvbkBL9cHo6.jpg,movie,"[12, 14, 28]",123.269,2001-12-18,8.389,21769
https://image.tmdb.org/t/p/w1280/vkGbFe1e7M9nNEEWj4SjqGtpniN.jpg,Elesin Oba: The King's Horseman,yo,Elesin Oba: The King's Horseman,"Inspired by true life events, in the Oyo Empire in the 1940's, Elesin Oba, the king's chief horseman, succumbs to the lure of beauty and sexual desire on the very evening he is set to die in order to fulfil his lifelong debt of ritual suicide to accompany the dead Alaafin to the realm of the ancestors, he derails from a very important generational and spiritual transaction. This sets in motion a series of catastrophic consequences, in a spell-binding film of emotions, humour, and tragic role reversals that puts ancient beliefs and customs on trial in an ever increasingly post-modern and Western world.",https://image.tmdb.org/t/p/w1280/6lvUZgY23Emak4VjFy8VXiDjuVF.jpg,movie,[18],21.44,2022-09-10,6.6,11
https://image.tmdb.org/t/p/w1280/akYTfFvYkFGJReFxXM841NidlAa.jpg,Wild Is the Wind,en,Wild Is the Wind,"When two corrupt police officers investigate the brutal murder of a young girl, tensions come to a head in their small, racially-segregated town.",https://image.tmdb.org/t/p/w1280/rITxQBtnMpneZf8QzH1dqONQocx.jpg,movie,"[80, 18]",1131.742,2022-10-28,5.8,29
https://image.tmdb.org/t/p/w1280/u1KFDIP64LjG3iD1dbSRBSDNyge.jpg,The Chalk Line,es,Jaula,"After a couple finds a traumatized child of unknown origins, wife Paula must decipher the girl's strange behaviors to unlock her identity and dark past.",https://image.tmdb.org/t/p/w1280/ifxAT8LVbSCxAi290VplTwbEQNh.jpg,movie,"[27, 53, 9648]",418.479,2022-09-09,6.259,106
https://image.tmdb.org/t/p/w1280/yrdAamkeqXHm0UYukk8xgoCvc7G.jpg,Star Wars,en,Star Wars,Princess Leia is captured and held hostage by the evil Imperial forces in their effort to take over the galactic Empire. Venturesome Luke Skywalker and dashing captain Han Solo team together with the loveable robot duo R2-D2 and C-3PO to rescue the beautiful princess and restore peace and justice in the Empire.,https://image.tmdb.org/t/p/w1280/6FfCtAuVAW8XJjZ7eWeLibRLWTw.jpg,movie,"[12, 28, 878]",64.457,1977-05-25,8.207,17889
https://image.tmdb.org/t/p/w1280/mDfJG3LC3Dqb67AZ52x3Z0jU0uB.jpg,Avengers: Infinity War,en,Avengers: Infinity War,"As the Avengers and their allies have continued to protect the world from threats too large for any one hero to handle, a new danger has emerged from the cosmic shadows: Thanos. A despot of intergalactic infamy, his goal is to collect all six Infinity Stones, artifacts of unimaginable power, and use them to inflict his twisted will on all of reality. Everything the Avengers have fought for has led up to this moment - the fate of Earth and existence itself has never been more uncertain.",https://image.tmdb.org/t/p/w1280/7WsyChQLEftFiDOVTGkv3hFpyyt.jpg,movie,"[12, 28, 878]",309.955,2018-04-25,8.266,25706
https://image.tmdb.org/t/p/w1280/7RyHsO4yDXtBv1zUU3mTpHeQ0d5.jpg,Avengers: Endgame,en,Avengers: Endgame,"After the devastating events of Avengers: Infinity War, the universe is in ruins due to the efforts of the Mad Titan, Thanos. With the help of remaining allies, the Avengers must assemble once more in order to undo Thanos' actions and restore order to the universe once and for all, no matter what consequences may be in store.",https://image.tmdb.org/t/p/w1280/or06FN3Dka5tukK1e9sl16pB3iy.jpg,movie,"[12, 878, 28]",180.826,2019-04-24,8.277,22071
https://image.tmdb.org/t/p/w1280/gh1Rghpf3BIISHSAw9GsObG4TN3.jpg,"Argentina, 1985",es,"Argentina, 1985","In a David-vs-Goliath battle and under constant threat, Julio Strassera, Luis Moreno Ocampo and their young legal team of unlikely heroes dared to prosecute Argentina’s bloodiest military dictatorship against all odds and in a race against time to bring justice to the victims of the Military Junta.",https://image.tmdb.org/t/p/w1280/nmh7vD2eDVRqFJoCpEzVcfGcPPf.jpg,movie,"[18, 36]",158.076,2022-09-29,8.32,128
https://image.tmdb.org/t/p/w1280/zmpvhQQ8HcwwD1MujPZIEpT92GW.jpg,Bodies Bodies Bodies,en,Bodies Bodies Bodies,"In an isolated family mansion, a group of rich 20-somethings decides to play Bodies Bodies Bodies, a game where one of them is secretly a ""killer"" while the rest tries to ""escape"". Things take a turn for the worse when real bodies start turning up, setting off a paranoid and dangerous chain of events.",https://image.tmdb.org/t/p/w1280/uU3YoLSaVBOaMryzhuiiRWDFbIw.jpg,movie,"[35, 27, 9648]",33.862,2022-08-05,6.529,280
https://image.tmdb.org/t/p/w1280/cuAUhb0aYQ9PsdU7EN3L2p1d3Ox.jpg,The Curse of Bridge Hollow,en,The Curse of Bridge Hollow,A Halloween-hating dad reluctantly teams up with his teenage daughter when an evil spirit wreaks havoc by making their town's decorations come to life.,https://image.tmdb.org/t/p/w1280/t6P9l6tcVnWLS1ADUAfkUCGQhm0.jpg,movie,"[12, 35, 27, 10751]",309.039,2022-10-14,6.887,274
https://image.tmdb.org/t/p/w1280/2uRMlptbfEpXVU4uj6wDljHAzFD.jpg,The System,en,The System,"When a young soldier, newly returned from war, gets caught up in a drug bust, he is recruited by the authorities to go undercover in a notoriously dangerous prison in order to figure out what is really going on.",https://image.tmdb.org/t/p/w1280/5v3grtPk3QSdjDP8ggpylA3hgIy.jpg,movie,"[28, 80]",37.415,2022-10-28,5.2,4
https://image.tmdb.org/t/p/w1280/pGx6O6IwqADOsgmqWzPysmWnOyr.jpg,Blade of the 47 Ronin,en,Blade of the 47 Ronin,"In this sequel to ""47 Ronin,"" a new class of warriors emerges among the Samurai clans to keep a sought-after sword from falling into the wrong hands.",https://image.tmdb.org/t/p/w1280/kjFDIlUCJkcpFxYKtE6OsGcAfQQ.jpg,movie,"[28, 14]",1896.107,2022-10-25,6.779,61
https://image.tmdb.org/t/p/w1280/2cQMVHBaP1wK0UBX5SGDahB3lp3.jpg,Watcher,en,Watcher,"As a serial killer stalks the city, Julia — a young actress who just moved to town with her husband — notices a mysterious stranger watching her from across the street.",https://image.tmdb.org/t/p/w1280/dXCjoI3jdtBrwPHgVsyNLkl8Rvs.jpg,movie,"[9648, 53, 27]",205.279,2022-06-03,6.254,279
https://image.tmdb.org/t/p/w1280/xov3ufX4ZRyw2pSF3XLNjtvZPw4.jpg,Confidential Assignment 2: International,ko,공조 2: 인터내셔날,"Follows Rim Chul Ryung heading back to South Korea in pursuit of a brutal and secret criminal organization. He teams up again with Kang Jin Tae, who volunteers to work with the North Korean in order to get back on the investigation team after a mistake landed him in the cyber crime department.",https://image.tmdb.org/t/p/w1280/sGzfZHlOQNCggWwCiDjl3cLbWfB.jpg,movie,"[28, 35]",27.107,2022-09-07,7.0,7
https://image.tmdb.org/t/p/w1280/vgnoBSVzWAV9sNQUORaDGvDp7wx.jpg,Interstellar,en,Interstellar,The adventures of a group of explorers who make use of a newly discovered wormhole to surpass the limitations on human space travel and conquer the vast distances involved in an interstellar voyage.,https://image.tmdb.org/t/p/w1280/gEU2QniE6E77NI6lCU6MxlNBvIx.jpg,movie,"[12, 18, 878]",186.589,2014-11-05,8.381,29745
https://image.tmdb.org/t/p/w1280/zNE4oUkZnpbCpFiJbbaX4YJOPmE.jpg,Detective Knight: Rogue,en,Detective Knight: Rogue,"As Los Angeles prepares for Halloween, mask-wearing armed robbers critically wound detective James Knight’s partner in a shootout following a heist. With Knight in hot pursuit, the bandits flee L.A. for New York, where the detective’s dark past collides with his present case and threatens to tear his world apart…unless redemption can claim Knight first.",https://image.tmdb.org/t/p/w1280/2wj5iUJ2B5AQ1lFctJgUrHHsp9B.jpg,movie,"[28, 80]",32.603,2022-10-21,6.0,6
https://image.tmdb.org/t/p/w1280/faRXxBVMadTD9hnUXgtlKiFgcJB.jpg,Don't Leave,tr,Kal,"Semih's girlfriend suddenly breaks up with him. In search of answers about their relationship, he must soon confront what he had long ignored.",https://image.tmdb.org/t/p/w1280/lY60e6nqssfZC4reBRzFglayQZ9.jpg,movie,"[10749, 18]",36.161,2022-11-11,8.5,2
https://image.tmdb.org/t/p/w1280/whn480SyRnaHxYqZlKR4COASykD.jpg,Clerks III,en,Clerks III,"After narrowly surviving a massive heart attack, Randal enlists his old friend Dante to help him make a movie immortalizing their youthful days at the little convenience store that started it all.",https://image.tmdb.org/t/p/w1280/alReTtKikeYcZodWsw4XOaVsCqL.jpg,movie,[35],163.755,2022-09-04,6.664,61
https://image.tmdb.org/t/p/w1280/tIX6j3NzadlwGcJ52nuWdmtOQkg.jpg,Jeepers Creepers: Reborn,en,Jeepers Creepers: Reborn,"Forced to travel with her boyfriend to a horror festival, Laine begins to experience disturbing visions associated with the urban legend of The Creeper. As the festival arrives and the blood-soaked entertainment builds to a frenzy, she becomes the center of it while something unearthly has been summoned.",https://image.tmdb.org/t/p/w1280/aGBuiirBIQ7o64FmJxO53eYDuro.jpg,movie,"[27, 53, 9648]",1268.503,2022-09-15,5.76,444
https://image.tmdb.org/t/p/w1280/xDEVdWduhRdNS4PzA6wif6FjUQb.jpg,Shadow Master,en,Shadow Master,"After being slain by a group of criminals, a man is reborn with animal-like superpowers and makes it his mission to right the wrongs of his city.",https://image.tmdb.org/t/p/w1280/67ZsRKbItt6B1yHlsJKgfPWOyuJ.jpg,movie,"[28, 14, 9648, 53]",12.803,2022-11-03,5.5,2
https://image.tmdb.org/t/p/w1280/3r3tZgKTw1554hcFoUfydLHE38w.jpg,Hellraiser,en,Hellraiser,"A young woman struggling with addiction comes into possession of an ancient puzzle box, unaware that its purpose is to summon the Cenobites, a group of sadistic supernatural beings from another dimension.",https://image.tmdb.org/t/p/w1280/f9ZAIUxTTk23vo1BC9Ur1Rx5c2E.jpg,movie,"[27, 9648]",74.781,2022-09-28,6.49,303
https://image.tmdb.org/t/p/w1280/jYEW5xZkZk2WTrdbMGAPFuBqbDc.jpg,Dune,en,Dune,"Paul Atreides, a brilliant and gifted young man born into a great destiny beyond his understanding, must travel to the most dangerous planet in the universe to ensure the future of his family and his people. As malevolent forces explode into conflict over the planet's exclusive supply of the most precious resource in existence-a commodity capable of unlocking humanity's greatest potential-only those who can conquer their fear will survive.",https://image.tmdb.org/t/p/w1280/d5NXSklXo0qyIYkgV94XAgMIckC.jpg,movie,"[878, 12]",128.553,2021-09-08,7.845,7939
https://image.tmdb.org/t/p/w1280/mzFlwK2WN5KGCgEc4ExJmooJy97.jpg,DC League of Super-Pets,en,DC League of Super-Pets,"When Superman and the rest of the Justice League are kidnapped, Krypto the Super-Dog must convince a rag-tag shelter pack - Ace the hound, PB the potbellied pig, Merton the turtle and Chip the squirrel - to master their own newfound powers and help him rescue the superheroes.",https://image.tmdb.org/t/p/w1280/r7XifzvtezNt31ypvsmb6Oqxw49.jpg,movie,"[16, 28, 10751, 35, 878]",641.679,2022-07-27,7.486,915
https://image.tmdb.org/t/p/w1280/c1bz69r0v065TGFA5nqBiKzPDys.jpg,"Lyle, Lyle, Crocodile",en,"Lyle, Lyle, Crocodile","When the Primm family moves to New York City, their young son Josh struggles to adapt to his new school and new friends. All of that changes when he discovers Lyle — a singing crocodile who loves baths, caviar and great music — living in the attic of his new home. But when Lyle’s existence is threatened by evil neighbor Mr. Grumps, the Primms must band together to show the world that family can come from the most unexpected places.",https://image.tmdb.org/t/p/w1280/dN6XnCEP3AO7N4XFOFyZ8V8kZF5.jpg,movie,"[35, 10751, 10402]",189.676,2022-10-07,7.241,27
https://image.tmdb.org/t/p/w1280/7DBdVT5KEhjnMLpoejbYylfzd92.jpg,Detective Conan: The Bride of Halloween,ja,名探偵コナン ハロウィンの花嫁,"Shibuya, Tokyo, is bustling with the Halloween season. A wedding is being held at Shibuya Hikarie, where Detective Miwako Sato of the Metropolitan Police Department is dressed in a wedding dress. While Conan and the other invited guests are watching, an assailant suddenly bursts in, and Detective Wataru Takagi, who was trying to protect Sato, is injured. Takagi survived and the situation was settled, but in Sato's eyes, the image of the grim reaper that she had seen when Detective Matsuda, the man she had been in love with, had been killed in a series of bombings three years ago, overlapped with Takagi's.",https://image.tmdb.org/t/p/w1280/20rPbh8WIRns9D71zSgHv61lNCA.jpg,movie,"[16, 28, 80, 9648]",38.676,2022-04-15,6.0,21
https://image.tmdb.org/t/p/w1280/cyecB7godJ6kNHGONFjUyVN9OX5.jpg,Iron Man,en,Iron Man,"After being held captive in an Afghan cave, billionaire engineer Tony Stark creates a unique weaponized suit of armor to fight evil.",https://image.tmdb.org/t/p/w1280/78lPtwv72eTNqFW9COBYI0dWDJa.jpg,movie,"[28, 878, 12]",101.419,2008-04-30,7.631,23492
https://image.tmdb.org/t/p/w1280/r2tDSD6kcHflPzsGepl8aTPTWxy.jpg,Accident Man: Hitman's Holiday,en,Accident Man: Hitman's Holiday,"The Accident Man is back, and this time he must best the top assassins in the world to protect the ungrateful son of a mafia boss, save the life of his only friend and rekindle his relationship with his maniacal father figure.",https://image.tmdb.org/t/p/w1280/zC5SJ18v9AhiHoFOIzZASqSxsPh.jpg,movie,"[28, 35, 80]",35.243,2022-10-14,6.729,35
https://image.tmdb.org/t/p/w1280/zGLHX92Gk96O1DJvLil7ObJTbaL.jpg,Fantastic Beasts: The Secrets of Dumbledore,en,Fantastic Beasts: The Secrets of Dumbledore,"Professor Albus Dumbledore knows the powerful, dark wizard Gellert Grindelwald is moving to seize control of the wizarding world. Unable to stop him alone, he entrusts magizoologist Newt Scamander to lead an intrepid team of wizards and witches. They soon encounter an array of old and new beasts as they clash with Grindelwald's growing legion of followers.",https://image.tmdb.org/t/p/w1280/3c5GNLB4yRSLBby0trHoA1DSQxQ.jpg,movie,"[14, 12, 28]",335.52,2022-04-06,6.829,2942
https://image.tmdb.org/t/p/w1280/kaoTwHrJDmCPDLriN68pjlgx4R.jpg,Elvis,en,Elvis,"The life story of Elvis Presley as seen through the complicated relationship with his enigmatic manager, Colonel Tom Parker.",https://image.tmdb.org/t/p/w1280/qBOKWqAFbveZ4ryjJJwbie6tXkQ.jpg,movie,"[10402, 18, 36]",132.332,2022-06-22,7.794,1778
https://image.tmdb.org/t/p/w1280/oySLOwNAsKu6ilFro8XxqP4wDJW.jpg,Bros,en,Bros,Two men with commitment problems attempt a relationship.,https://image.tmdb.org/t/p/w1280/op02Hv5i4Z049nGJYmk6BScRqHO.jpg,movie,"[35, 10749]",56.492,2022-09-30,7.359,181
https://image.tmdb.org/t/p/w1280/suaEOtk1N1sgg2MTM7oZd2cfVp3.jpg,Pulp Fiction,en,Pulp Fiction,"A burger-loving hit man, his philosophical partner, a drug-addled gangster's moll and a washed-up boxer converge in this sprawling, comedic crime caper. Their adventures unfurl in three stories that ingeniously trip back and forth in time.",https://image.tmdb.org/t/p/w1280/fIE3lAGcZDV1G6XM5KmuWnNsPp1.jpg,movie,"[53, 80]",92.428,1994-09-10,8.491,24034
https://image.tmdb.org/t/p/w1280/nZko47PX3RRWzbDGtcj6PPR90By.jpg,Minions & More 2,en,Minions & More 2,"Catch animated shorts like ""Phil’s Dance Party"" and ""Binky Nelson Unpacified"" in this compilation from the company behind the ""Despicable Me"" franchise.",https://image.tmdb.org/t/p/w1280/AuN7KfZCnm9WmZNiPeg6HUBsANz.jpg,movie,"[35, 10751, 16]",3.842,2022-11-08,8.174,23
https://image.tmdb.org/t/p/w1280/p2fRZzxla6NoRbIH2KOZq0gHb5S.jpg,Zootopia,en,Zootopia,"Determined to prove herself, Officer Judy Hopps, the first bunny on Zootopia's police force, jumps at the chance to crack her first case - even if it means partnering with scam-artist fox Nick Wilde to solve the mystery.",https://image.tmdb.org/t/p/w1280/hlK0e0wAQ3VLuJcsfIYPvb4JVud.jpg,movie,"[16, 12, 10751, 35]",198.431,2016-02-11,7.746,14373
https://image.tmdb.org/t/p/w1280/mjV9gpXO2R2SOYI4ChJZiu6F1OE.jpg,Blackout,en,Blackout,"A man wakes in a hospital with no memory, and quickly finds himself on the run in a locked down hospital with the Cartel on his tail.",https://image.tmdb.org/t/p/w1280/xDgnmbdWS59NtTPdzujdZGuPUPZ.jpg,movie,"[28, 12, 53]",500.594,2022-10-12,5.5,80
https://image.tmdb.org/t/p/w1280/rwgmDkIEv8VjAsWx25ottJrFvpO.jpg,After Ever Happy,en,After Ever Happy,"As a shocking truth about a couple's families emerges, the two lovers discover they are not so different from each other. Tessa is no longer the sweet, simple, good girl she was when she met Hardin — any more than he is the cruel, moody boy she fell so hard for.",https://image.tmdb.org/t/p/w1280/6b7swg6DLqXCO3XUsMnv6RwDMW2.jpg,movie,"[10749, 18]",554.398,2022-08-24,6.997,547
https://image.tmdb.org/t/p/w1280/jILeJ60zPpIjjJHGSmIeY4eO30t.jpg,Top Gun,en,Top Gun,"For Lieutenant Pete 'Maverick' Mitchell and his friend and co-pilot Nick 'Goose' Bradshaw, being accepted into an elite training school for fighter pilots is a dream come true. But a tragedy, as well as personal demons, will threaten Pete's dreams of becoming an ace pilot.",https://image.tmdb.org/t/p/w1280/xUuHj3CgmZQ9P2cMaqQs4J0d4Zc.jpg,movie,"[28, 18]",146.104,1986-05-16,7.024,6674
https://image.tmdb.org/t/p/w1280/fMymfWwgTfXh9RkBCFuaZrdn8Of.jpg,The Lair,en,The Lair,"Royal Air Force pilot Lt. Kate Sinclair is on her final flight mission when her jet is shot down over one of the most dangerous rebel strongholds in Afghanistan. She finds refuge in an abandoned underground bunker where deadly man-made creatures known as Ravagers — half-human, half-alien, and hungry for human flesh — are awakened.",https://image.tmdb.org/t/p/w1280/ifRFLx83Xk1DcwAS3OScgI6HmWO.jpg,movie,"[28, 27]",28.293,2022-10-28,6.0,23
https://image.tmdb.org/t/p/w1280/7ZO9yoEU2fAHKhmJWfAc2QIPWJg.jpg,Prey,en,Prey,"When danger threatens her camp, the fierce and highly skilled Comanche warrior Naru sets out to protect her people. But the prey she stalks turns out to be a highly evolved alien predator with a technically advanced arsenal.",https://image.tmdb.org/t/p/w1280/ujr5pztc1oitbe7ViMUOilFaJ7s.jpg,movie,"[53, 28, 878]",830.639,2022-08-05,7.866,4565
https://image.tmdb.org/t/p/w1280/yEQqrW61rwNuVRHTjgHOAU4dXNE.jpg,Sonic the Hedgehog 2,en,Sonic the Hedgehog 2,"After settling in Green Hills, Sonic is eager to prove he has what it takes to be a true hero. His test comes when Dr. Robotnik returns, this time with a new partner, Knuckles, in search for an emerald that has the power to destroy civilizations. Sonic teams up with his own sidekick, Tails, and together they embark on a globe-trotting journey to find the emerald before it falls into the wrong hands.",https://image.tmdb.org/t/p/w1280/6DrHO1jr3qVrViUO6s6kFiAGM7.jpg,movie,"[28, 12, 10751, 35]",626.178,2022-03-30,7.641,3312
https://image.tmdb.org/t/p/w1280/nMKdUUepR0i5zn0y1T4CsSB5chy.jpg,The Dark Knight,en,The Dark Knight,"Batman raises the stakes in his war on crime. With the help of Lt. Jim Gordon and District Attorney Harvey Dent, Batman sets out to dismantle the remaining criminal organizations that plague the streets. The partnership proves to be effective, but they soon find themselves prey to a reign of chaos unleashed by a rising criminal mastermind known to the terrified citizens of Gotham as the Joker.",https://image.tmdb.org/t/p/w1280/qJ2tW6WMUDux911r6m7haRef0WH.jpg,movie,"[18, 28, 80, 53]",88.145,2008-07-14,8.503,28554
https://image.tmdb.org/t/p/w1280/geYUecpFI2AonDLhjyK9zoVFcMv.jpg,Jujutsu Kaisen 0,ja,劇場版 呪術廻戦 0,"Yuta Okkotsu is a nervous high school student who is suffering from a serious problem—his childhood friend Rika has turned into a curse and won't leave him alone. Since Rika is no ordinary curse, his plight is noticed by Satoru Gojo, a teacher at Jujutsu High, a school where fledgling exorcists learn how to combat curses. Gojo convinces Yuta to enroll, but can he learn enough in time to confront the curse that haunts him?",https://image.tmdb.org/t/p/w1280/yzkgx79vj1KsZBzxFBIsQBwBkPE.jpg,movie,"[16, 28, 14]",549.703,2021-12-24,8.3,660
https://image.tmdb.org/t/p/w1280/njqgoUv0DogqheYjUkklu2wFw8l.jpg,The Claus Family 2,nl,Die Familie Claus 2,"Jules Claus has embraced Christmas again and is getting ready for the busiest time of the year together with grandpa Noël. Everything seems to go according to plan, until Jules receives a very special letter with an intriguing question...",https://image.tmdb.org/t/p/w1280/ovE7xXTcxrJE6nur48tpoN4KYzK.jpg,movie,"[10751, 35, 14]",12.137,2021-12-07,5.875,12
https://image.tmdb.org/t/p/w1280/AfvIjhDu9p64jKcmohS4hsPG95Q.jpg,The Black Phone,en,The Black Phone,"Finney Blake, a shy but clever 13-year-old boy, is abducted by a sadistic killer and trapped in a soundproof basement where screaming is of little use. When a disconnected phone on the wall begins to ring, Finney discovers that he can hear the voices of the killer’s previous victims. And they are dead set on making sure that what happened to them doesn’t happen to Finney.",https://image.tmdb.org/t/p/w1280/lr11mCT85T1JanlgjMuhs9nMht4.jpg,movie,"[27, 53]",461.393,2022-06-22,7.861,3047
https://image.tmdb.org/t/p/w1280/iHc14vucwUMl6WuvQa4iPfoEdy9.jpg,Luckiest Girl Alive,en,Luckiest Girl Alive,A successful woman in New York City finds her life upended when she is forced to confront a dark truth that threatens to unravel her meticulously crafted life.,https://image.tmdb.org/t/p/w1280/e0vrbTmTf2ZcW5CIS9qJ8FDbsU9.jpg,movie,"[18, 53, 9648]",169.221,2022-09-30,6.64,442
https://image.tmdb.org/t/p/w1280/nUaPnsDwdhtWEYKuMTJBZzzijiZ.jpg,Uncharted,en,Uncharted,"A young street-smart, Nathan Drake and his wisecracking partner Victor “Sully” Sullivan embark on a dangerous pursuit of “the greatest treasure never found” while also tracking clues that may lead to Nathan’s long-lost brother.",https://image.tmdb.org/t/p/w1280/rJHC1RUORuUhtfNb4Npclx0xnOf.jpg,movie,"[28, 12]",296.529,2022-02-10,7.09,3861
https://image.tmdb.org/t/p/w1280/j2Pp4MypUb9WBLSRwjqraU9f2hC.jpg,The Lost King,en,The Lost King,"An amateur historian defies the academic establishment in her efforts to find King Richard III's remains, which were lost for over 500 years.",https://image.tmdb.org/t/p/w1280/bvteSajbZguotujz0e4Y8JpgJ1G.jpg,movie,"[18, 35]",23.129,2022-10-07,7.6,10
https://image.tmdb.org/t/p/w1280/rSPw7tgCH9c6NqICZef4kZjFOQ5.jpg,The Godfather,en,The Godfather,"Spanning the years 1945 to 1955, a chronicle of the fictional Italian-American Corleone crime family. When organized crime family patriarch, Vito Corleone barely survives an attempt on his life, his youngest son, Michael steps in to take care of the would-be killers, launching a campaign of bloody revenge.",https://image.tmdb.org/t/p/w1280/3bhkrj58Vtu7enYsRolD1fZdja1.jpg,movie,"[18, 80]",115.085,1972-03-14,8.716,16888
https://image.tmdb.org/t/p/w1280/s4ZEtO5Lo444WJ5lBVyYARAq08.jpg,Rosaline,en,Rosaline,"Left heartbroken after Romeo begins to pursue her cousin Juliet, Rosaline schemes to foil the famous romance and win back her guy in this comedic twist of Shakespeare's Romeo and Juliet.",https://image.tmdb.org/t/p/w1280/jQHrbzVy6ptopxqUohV6PcmmVcY.jpg,movie,"[35, 10749]",163.824,2022-10-11,7.5,130
https://image.tmdb.org/t/p/w1280/r2GAjd4rNOHJh6i6Y0FntmYuPQW.jpg,No Time to Die,en,No Time to Die,"Bond has left active service and is enjoying a tranquil life in Jamaica. His peace is short-lived when his old friend Felix Leiter from the CIA turns up asking for help. The mission to rescue a kidnapped scientist turns out to be far more treacherous than expected, leading Bond onto the trail of a mysterious villain armed with dangerous new technology.",https://image.tmdb.org/t/p/w1280/iUgygt3fscRoKWCV1d0C7FbM9TP.jpg,movie,"[12, 28, 53]",128.183,2021-09-29,7.448,4721
https://image.tmdb.org/t/p/w1280/t4mzypFVjY6toyBXAmfrIaWcUXa.jpg,Lost Bullet,fr,Balle perdue,"A small time delinquent, turned police mechanic for a go fast task force, is forced to defend his innocence when his mentor is killed by dirty cops.",https://image.tmdb.org/t/p/w1280/qnlChF8U4diiykXQYs1miigGy7t.jpg,movie,"[28, 53, 80]",38.249,2020-06-19,6.637,577
https://image.tmdb.org/t/p/w1280/9BBTo63ANSmhC4e6r62OJFuK2GL.jpg,The Avengers,en,The Avengers,"When an unexpected enemy emerges and threatens global safety and security, Nick Fury, director of the international peacekeeping agency known as S.H.I.E.L.D., finds himself in need of a team to pull the world back from the brink of disaster. Spanning the globe, a daring recruitment effort begins!",https://image.tmdb.org/t/p/w1280/RYMX2wcKCBAr24UyPD7xwmjaTn.jpg,movie,"[878, 28, 12]",177.5,2012-04-25,7.707,27748
https://image.tmdb.org/t/p/w1280/p9jmVtmm29dCHDHBFrOR6WNNaeO.jpg,Ant-Man and the Wasp: Quantumania,en,Ant-Man and the Wasp: Quantumania,"Superhero duo Scott Lang and Hope Van Dyne, together with Hope's parents Hank Pym and Janet Van Dyne, find themselves exploring the Quantum Realm, interacting with strange new creatures, and embarking on an adventure that will push them beyond the limits of what they thought was possible.",https://image.tmdb.org/t/p/w1280/fa9TNxYyDdRcFAPJ6rvKf3ZrVtB.jpg,movie,"[12, 878, 35]",33.418,2023-02-15,0.0,0
https://image.tmdb.org/t/p/w1280/AcStyrENNAzGB7hkCPe1YWgFgWM.jpg,The Twin,en,The Twin,"Every parent's worst nightmare is just the beginning for Rachel's ordeal as in the aftermath of a tragic accident, she and her husband Anthony decide to move to the other side of the world to focus on their surviving twin son Elliot.  What begins as a time of healing and isolation in the Finnish countryside turns into a desperate battle for the very soul of their son as an entity claiming to be his dead twin brother takes over Elliot — setting Rachel on a diabolical journey to unravel the horrible truth about her twin son.",https://image.tmdb.org/t/p/w1280/uUUSkKQEptTHjYejxzaT5TVkiAG.jpg,movie,"[27, 9648]",762.835,2022-04-06,6.062,97
https://image.tmdb.org/t/p/w1280/508Ft4l33taZHHN0Ln4TW6XsLim.jpg,Blonde,en,Blonde,"From her volatile childhood as Norma Jeane, through her rise to stardom and romantic entanglements, this reimagined fictional portrait of Hollywood legend Marilyn Monroe blurs the lines of fact and fiction to explore the widening split between her public and private selves.",https://image.tmdb.org/t/p/w1280/jOgbnL5FB30pprEjZaY1E1iPtPM.jpg,movie,[18],145.116,2022-09-16,6.377,697
https://image.tmdb.org/t/p/w1280/sWvxBXNtCOaGdtpKNLiOqmwb10N.jpg,Spider-Man,en,Spider-Man,"After being bitten by a genetically altered spider at Oscorp, nerdy but endearing high school student Peter Parker is endowed with amazing powers to become the superhero known as Spider-Man.",https://image.tmdb.org/t/p/w1280/gh4cZbhZxyTbgxQPxD0dOudNPTn.jpg,movie,"[14, 28]",89.282,2002-05-01,7.25,16358
https://image.tmdb.org/t/p/w1280/7AiIrnDMaOhPrw9elJ5NNjijTW4.jpg,The Infernal Machine,en,The Infernal Machine,"Reclusive and controversial author Bruce Cogburn is drawn out of hiding by an obsessive fan, forcing the novelist to confront a past that he thought he could escape, and to account for events set in motion by his bestseller decades earlier. Cogburn's search for who is behind the manipulation and mental torment he encounters leads to an emotional roller-coaster ride full of fear and danger, where things are not always as clear as they seem to be, and where past deeds can have dire consequences.",https://image.tmdb.org/t/p/w1280/bSqpOGzaKBdGkBLmcm1JJIVryYy.jpg,movie,"[53, 9648]",713.586,2022-09-23,6.879,120
https://image.tmdb.org/t/p/w1280/iQJ1gC2p6yn5wnBEklhPaEFJ3n1.jpg,Batman and Superman: Battle of the Super Sons,en,Batman and Superman: Battle of the Super Sons,"After discovering he has powers, 11-year-old Jonathan Kent and assassin-turned-Boy-Wonder Damian Wayne must join forces to rescue their fathers (Superman & Batman) and save the planet from the malevolent alien force known as Starro.",https://image.tmdb.org/t/p/w1280/nBaVsNvUxIuvhPw3xTaAJIw8me4.jpg,movie,"[16, 28, 878]",477.628,2022-10-17,7.962,133
https://image.tmdb.org/t/p/w1280/hwUxHPkuUleJeoick4uZsrKDXxF.jpg,Lightyear,en,Lightyear,Legendary Space Ranger Buzz Lightyear embarks on an intergalactic adventure alongside a group of ambitious recruits and his robot companion Sox.,https://image.tmdb.org/t/p/w1280/65WFr1ZMAbEniIh4jEhbRG9OHHN.jpg,movie,"[16, 28, 12, 10751, 878]",312.822,2022-06-15,7.204,2335
https://image.tmdb.org/t/p/w1280/A1bWhTFQKkhF1yhSKWosSyzn2Hp.jpg,Decision to Leave,ko,헤어질 결심,"From a mountain peak in South Korea, a man plummets to his death. Did he jump, or was he pushed? When detective Hae-joon arrives on the scene, he begins to suspect the dead man’s wife Seo-rae. But as he digs deeper into the investigation, he finds himself trapped in a web of deception and desire.",https://image.tmdb.org/t/p/w1280/vvdEFKmp9q5F4V3PhCj9FWUFPC2.jpg,movie,"[9648, 53, 80, 18, 10749]",125.653,2022-06-29,7.34,282
https://image.tmdb.org/t/p/w1280/c6H7Z4u73ir3cIoCteuhJh7UCAR.jpg,Eternals,en,Eternals,"The Eternals are a team of ancient aliens who have been living on Earth in secret for thousands of years. When an unexpected tragedy forces them out of the shadows, they are forced to reunite against mankind’s most ancient enemy, the Deviants.",https://image.tmdb.org/t/p/w1280/lFByFSLV5WDJEv3KabbdAF959F2.jpg,movie,"[878, 28, 12]",250.932,2021-11-03,7.028,6479
https://image.tmdb.org/t/p/w1280/3WjbxaqYB4vAbdUfdr5vbglD2JZ.jpg,Titanic,en,Titanic,"101-year-old Rose DeWitt Bukater tells the story of her life aboard the Titanic, 84 years later. A young Rose boards the ship with her mother and fiancé. Meanwhile, Jack Dawson and Fabrizio De Rossi win third-class tickets aboard the ship. Rose tells the whole story from Titanic's departure through to its death—on its first and last voyage—on April 15, 1912.",https://image.tmdb.org/t/p/w1280/9xjZS2rlVxm8SFx8kPC3aIGCOYQ.jpg,movie,"[18, 10749]",146.345,1997-11-18,7.877,21746
https://image.tmdb.org/t/p/w1280/j8XcXTYTE5bQYxifcYX6AC7fPea.jpg,Aqua Teen Forever: Plantasm,en,Aqua Teen Forever: Plantasm,"Everyone’s favorite rascals, the Aqua Teens, and everyone’s favorite perverted neighbor, Carl, split up then get back together to fight everyone’s favorite corporate overlord, Amazin, led by everyone’s favorite tech mogul, Nei and his trusty scientist sidekick, Elmer.",https://image.tmdb.org/t/p/w1280/dzMfgDxEOfFdw6WIaoC94CayYWL.jpg,movie,"[16, 35, 878]",28.434,2022-10-06,7.3,7
https://image.tmdb.org/t/p/w1280/aRka9neADW1M0Zf9lF8kW2jEgXe.jpg,Halloween,en,Halloween,"Fifteen years after murdering his sister on Halloween Night 1963, Michael Myers escapes from a mental hospital and returns to the small town of Haddonfield, Illinois to kill again.",https://image.tmdb.org/t/p/w1280/qVpCaBcnjRzGL3nOPHi6Suy0sB6.jpg,movie,"[27, 53]",64.941,1978-10-24,7.572,4534
https://image.tmdb.org/t/p/w1280/8Gw0b8UTfcLe7cytefrBzsStW7J.jpg,"Monica, O My Darling",hi,"मोनिका, ओ माय डार्लिंग","A slick robotics expert joins a murderous plot after a passionate affair takes a sudden turn, but nothing — not even death — is what it seems to be.",https://image.tmdb.org/t/p/w1280/xEksr0T34utTkeg0DB1Au4M0jto.jpg,movie,"[80, 35, 18]",36.147,2022-11-11,9.3,3
https://image.tmdb.org/t/p/w1280/sIZqyUpDTx26YzDgHQx9nxOX16K.jpg,New Gods: Yang Jian,zh,新神榜：杨戬,"Fifteen hundred years after the war of gods, the heaven declined. Yang Jian, the God of Erlang, made a living by working as a catcher. One day, Yang Jian was ordered to hunt down a young man, his own nephew.",https://image.tmdb.org/t/p/w1280/8b2lTzDR1lNNTl8F4gMiqazSvbn.jpg,movie,"[16, 12, 14]",9.292,2022-08-19,6.25,8
https://image.tmdb.org/t/p/w1280/znYNaQW736HBfEvfOiogfd8t4Z5.jpg,Grimcutty,en,Grimcutty,A suburban teen girl and her little brother must stop a terrifying internet meme brought to life by the hysteria of their parents.,https://image.tmdb.org/t/p/w1280/qvg75YJMfbHeDNirUrrgBMQImRn.jpg,movie,[27],467.575,2022-10-10,5.6,198
https://image.tmdb.org/t/p/w1280/35nt3MwBzW6RYFjoqOU8POQRSib.jpg,Project Wolf Hunting,ko,늑대사냥,"During transport from the Philippines to South Korea, a group of dangerous criminals unites to stage a coordinated escape attempt. As the jailbreak escalates into a bloody, all-out riot, the fugitives and their allies from the outside exact a brutal terror campaign against the special agents onboard the ship.",https://image.tmdb.org/t/p/w1280/zewb3gbuTvr9IUCNDxeqJiUHqSR.jpg,movie,"[878, 28, 53]",369.444,2022-09-28,6.6,16
https://image.tmdb.org/t/p/w1280/lXhgCODAbBXL5buk9yEmTpOoOgR.jpg,The Lord of the Rings: The Return of the King,en,The Lord of the Rings: The Return of the King,"Aragorn is revealed as the heir to the ancient kings as he, Gandalf and the other members of the broken fellowship struggle to save Gondor from Sauron's forces. Meanwhile, Frodo and Sam take the ring closer to the heart of Mordor, the dark lord's realm.",https://image.tmdb.org/t/p/w1280/rCzpDGLbOoPwLjy3OAm5NUPOTrC.jpg,movie,"[12, 14, 28]",110.424,2003-12-01,8.478,20509
https://image.tmdb.org/t/p/w1280/hO7KbdvGOtDdeg0W4Y5nKEHeDDh.jpg,Joker,en,Joker,"During the 1980s, a failed stand-up comedian is driven insane and turns to a life of crime and chaos in Gotham City while becoming an infamous psychopathic crime figure.",https://image.tmdb.org/t/p/w1280/udDclJoHjfjb8Ekgsd4FDteOkCU.jpg,movie,"[80, 53, 18]",122.635,2019-10-01,8.172,21540
https://image.tmdb.org/t/p/w1280/c6OLXfKAk5BKeR6broC8pYiCquX.jpg,Fight Club,en,Fight Club,"A ticking-time-bomb insomniac and a slippery soap salesman channel primal male aggression into a shocking new form of therapy. Their concept catches on, with underground ""fight clubs"" forming in every town, until an eccentric gets in the way and ignites an out-of-control spiral toward oblivion.",https://image.tmdb.org/t/p/w1280/pB8BM7pdSp6B6Ih7QZ4DrQ3PmJK.jpg,movie,"[18, 53, 35]",85.429,1999-10-15,8.427,25145
https://image.tmdb.org/t/p/w1280/1stUIsjawROZxjiCMtqqXqgfZWC.jpg,Harry Potter and the Chamber of Secrets,en,Harry Potter and the Chamber of Secrets,"Cars fly, trees fight back, and a mysterious house-elf comes to warn Harry Potter at the start of his second year at Hogwarts. Adventure and danger await when bloody writing on a wall announces: The Chamber Of Secrets Has Been Opened. To save Hogwarts will require all of Harry, Ron and Hermione’s magical abilities and courage.",https://image.tmdb.org/t/p/w1280/sdEOH0992YZ0QSxgXNIGLq1ToUi.jpg,movie,"[12, 14]",249.313,2002-11-13,7.726,18914
https://image.tmdb.org/t/p/w1280/jzWT0zd8U77fqWg5WgUfYaMzSFz.jpg,Morbius,en,Morbius,"Dangerously ill with a rare blood disorder, and determined to save others suffering his same fate, Dr. Michael Morbius attempts a desperate gamble. What at first appears to be a radical success soon reveals itself to be a remedy potentially worse than the disease.",https://image.tmdb.org/t/p/w1280/6JjfSchsU6daXk2AKX8EEBjO3Fm.jpg,movie,"[28, 878, 14]",293.838,2022-03-30,6.296,2869
https://image.tmdb.org/t/p/w1280/kWYfW2Re0rUDE6IHhy4CRuKWeFr.jpg,The Lord of the Rings: The Two Towers,en,The Lord of the Rings: The Two Towers,"Frodo and Sam are trekking to Mordor to destroy the One Ring of Power while Gimli, Legolas and Aragorn search for the orc-captured Merry and Pippin. All along, nefarious wizard Saruman awaits the Fellowship members at the Orthanc Tower in Isengard.",https://image.tmdb.org/t/p/w1280/5VTN0pR8gcqV3EPUHHfMGnJYN9L.jpg,movie,"[12, 14, 28]",118.434,2002-12-18,8.4,18917
https://image.tmdb.org/t/p/w1280/6KJcFFE1iBPC0Xj0iPCcmMvS5WK.jpg,R.I.P.D.,en,R.I.P.D.,A recently slain cop joins a team of undead police officers working for the Rest in Peace Department and tries to find the man who murdered him.,https://image.tmdb.org/t/p/w1280/rS0kByPD4YF8pQ85KjzMdGiu7Xf.jpg,movie,"[14, 28, 35, 80]",65.499,2013-07-18,5.782,3366
https://image.tmdb.org/t/p/w1280/s3TBrRGB1iav7gFOCNx3H31MoES.jpg,Inception,en,Inception,"Cobb, a skilled thief who commits corporate espionage by infiltrating the subconscious of his targets is offered a chance to regain his old life as payment for a task considered to be impossible: ""inception"", the implantation of another person's idea into a target's subconscious.",https://image.tmdb.org/t/p/w1280/8IB2e4r4oVhHnANbnm7O3Tj6tF8.jpg,movie,"[28, 878, 12]",90.437,2010-07-15,8.358,32568
https://image.tmdb.org/t/p/w1280/hraytJBd1Ztcp7k9So4zLFcgsyh.jpg,Orgasm Inc: The Story of OneTaste,en,Orgasm Inc: The Story of OneTaste,"A sexual wellness company gains fame and followers, then members come forward with shocking allegations.",https://image.tmdb.org/t/p/w1280/yqI3XQ1nmvxFpBus1BescRrRBAj.jpg,movie,[99],217.83,2022-11-05,6.0,16
https://image.tmdb.org/t/p/w1280/jqFjgNnxpXIXWuPsyfqmcLXRo9p.jpg,Reservoir Dogs,en,Reservoir Dogs,"A botched robbery indicates a police informant, and the pressure mounts in the aftermath at a warehouse. Crime begets violence as the survivors -- veteran Mr. White, newcomer Mr. Orange, psychopathic parolee Mr. Blonde, bickering weasel Mr. Pink and Nice Guy Eddie -- unravel.",https://image.tmdb.org/t/p/w1280/lsBnfheKZBO3UKU7lVHIeGZLWuF.jpg,movie,"[80, 53]",50.279,1992-09-02,8.144,12349
https://image.tmdb.org/t/p/w1280/1Ds7xy7ILo8u2WWxdnkJth1jQVT.jpg,The Lost City,en,The Lost City,"Reclusive author Loretta Sage writes about exotic places in her popular adventure novels that feature a handsome cover model named Alan. While on tour promoting her new book with Alan, Loretta gets kidnapped by an eccentric billionaire who hopes she can lead him to the ancient city's lost treasure that featured in her latest story. Alan, determined to prove he can be a hero in real life and not just on the pages of her books, sets off to rescue her.",https://image.tmdb.org/t/p/w1280/neMZH82Stu91d3iqvLdNQfqPPyl.jpg,movie,"[28, 12, 35]",373.665,2022-03-24,6.743,2185
https://image.tmdb.org/t/p/w1280/9IDJpHROaC0S1ZlIxrvzOcOX5yC.jpg,The Bad Guys,en,The Bad Guys,"When the Bad Guys, a crew of criminal animals, are finally caught after years of heists and being the world’s most-wanted villains, Mr. Wolf brokers a deal to save them all from prison.",https://image.tmdb.org/t/p/w1280/7qop80YfuO0BwJa1uXk1DXUUEwv.jpg,movie,"[16, 28, 12, 80, 35]",329.612,2022-03-17,7.737,1130
https://image.tmdb.org/t/p/w1280/hdHIjZxq3SWFqpAz4NFhdbud0iz.jpg,Alien,en,Alien,"During its return to the earth, commercial spaceship Nostromo intercepts a distress signal from a distant planet. When a three-member team of the crew discovers a chamber containing thousands of eggs on the planet, a creature inside one of the eggs attacks an explorer. The entire crew is unaware of the impending nightmare set to descend upon them when the alien parasite planted inside its unfortunate host is birthed.",https://image.tmdb.org/t/p/w1280/vfrQk5IPloGg1v9Rzbh2Eg3VGyM.jpg,movie,"[27, 878]",50.867,1979-05-25,8.137,12205
https://image.tmdb.org/t/p/w1280/tTlAA0REGPXSZPBfWyTW9ipIv1I.jpg,Spider-Man: Homecoming,en,Spider-Man: Homecoming,"Following the events of Captain America: Civil War, Peter Parker, with the help of his mentor Tony Stark, tries to balance his life as an ordinary high school student in Queens, New York City, with fighting crime as his superhero alter ego Spider-Man as a new threat, the Vulture, emerges.",https://image.tmdb.org/t/p/w1280/c24sv2weTHPsmDa7jEMN0m2P3RT.jpg,movie,"[28, 12, 878, 18]",109.025,2017-07-05,7.358,19269
https://image.tmdb.org/t/p/w1280/keIxh0wPr2Ymj0Btjh4gW7JJ89e.jpg,Black Widow,en,Black Widow,"Natasha Romanoff, also known as Black Widow, confronts the darker parts of her ledger when a dangerous conspiracy with ties to her past arises. Pursued by a force that will stop at nothing to bring her down, Natasha must deal with her history as a spy and the broken relationships left in her wake long before she became an Avenger.",https://image.tmdb.org/t/p/w1280/ytnhzdwtj0YfC5NVWrrPRGSGZb7.jpg,movie,"[28, 12, 878]",157.065,2021-07-07,7.397,8309
https://image.tmdb.org/t/p/w1280/ifUfE79O1raUwbaQRIB7XnFz5ZC.jpg,Scream,en,Scream,"Twenty-five years after a streak of brutal murders shocked the quiet town of Woodsboro, a new killer has donned the Ghostface mask and begins targeting a group of teenagers to resurrect secrets from the town’s deadly past.",https://image.tmdb.org/t/p/w1280/1m3W6cpgwuIyjtg5nSnPx7yFkXW.jpg,movie,"[27, 9648, 53]",173.186,2022-01-12,6.726,1848
https://image.tmdb.org/t/p/w1280/dU9pMo94W91RL2Q38KbbVIr6Kxu.jpg,Three Thousand Years of Longing,en,Three Thousand Years of Longing,"A solitary scholar discovers an ancient bottle while on a trip to Istanbul and unleashes a djinn who offers her three wishes. Filled with reluctance, she is unable to come up with one until his stories spark in her a desire to be loved.",https://image.tmdb.org/t/p/w1280/8q6BrcwGEBGbtwtbCUVKEt2lmEy.jpg,movie,"[14, 18, 10749]",72.603,2022-08-24,7.015,395
https://image.tmdb.org/t/p/w1280/4710HsftwjPvDRcAliBeHGdw2qw.jpg,Dear Zoe,en,Dear Zoe,Tess enlists her biological father - a lovable slacker from the wrong side of the tracks - and the charming juvenile delinquent next door to help her come to grips with the death of her little sister.,https://image.tmdb.org/t/p/w1280/imRd5Qsltoa12JQ2uanNlwnWRRs.jpg,movie,[18],58.845,2022-11-04,5.4,7
https://image.tmdb.org/t/p/w1280/kXfqcdQKsToO0OUXHcrrNCHDBzO.jpg,The Shawshank Redemption,en,The Shawshank Redemption,"Framed in the 1940s for the double murder of his wife and her lover, upstanding banker Andy Dufresne begins a new life at the Shawshank prison, where he puts his accounting skills to work for an amoral warden. During his long stretch in prison, Dufresne comes to be admired by the other inmates -- including an older prisoner named Red -- for his integrity and unquenchable sense of hope.",https://image.tmdb.org/t/p/w1280/q6y0Go1tsGEsmtFryDOJo3dEmqu.jpg,movie,"[18, 80]",87.451,1994-09-23,8.701,22636
https://image.tmdb.org/t/p/w1280/l4QHerTSbMI7qgvasqxP36pqjN6.jpg,The Matrix,en,The Matrix,"Set in the 22nd century, The Matrix tells the story of a computer hacker who joins a group of underground insurgents fighting the vast and powerful computers who now rule the earth.",https://image.tmdb.org/t/p/w1280/f89U3ADr1oiB1s9GkdPOEpXUk5H.jpg,movie,"[28, 878]",68.342,1999-03-30,8.192,22328
https://image.tmdb.org/t/p/w1280/cDJ61O1STtbWNBwefuqVrRe3d7l.jpg,Thor,en,Thor,"Against his father Odin's will, The Mighty Thor - a powerful but arrogant warrior god - recklessly reignites an ancient war. Thor is cast down to Earth and forced to live among humans as punishment. Once here, Thor learns what it takes to be a true hero when the most dangerous villain of his world sends the darkest forces of Asgard to invade Earth.",https://image.tmdb.org/t/p/w1280/prSfAi1xGrhLQNxVSUFh61xQ4Qy.jpg,movie,"[12, 14, 28]",115.421,2011-04-21,6.77,18960
https://image.tmdb.org/t/p/w1280/5yW2BjqjTLTvJqQ7dRJjiDu9oEL.jpg,Cici,tr,Cici,"A family migrates to the city after a tragic loss. When they reunite in their hometown 30 years later, buried emotions and painful secrets resurface.",https://image.tmdb.org/t/p/w1280/gXtXwZLR9f1sAruSET3oJVsdRHe.jpg,movie,[18],123.058,2022-10-27,6.1,15
https://image.tmdb.org/t/p/w1280/nnUQqlVZeEGuCRx8SaoCU4XVHJN.jpg,Pinocchio,en,Pinocchio,A wooden puppet embarks on a thrilling adventure to become a real boy.,https://image.tmdb.org/t/p/w1280/g8sclIV4gj1TZqUpnL82hKOTK3B.jpg,movie,"[14, 12, 10751]",876.948,2022-09-07,6.668,1048
https://image.tmdb.org/t/p/w1280/pcDc2WJAYGJTTvRSEIpRZwM3Ola.jpg,Zack Snyder's Justice League,en,Zack Snyder's Justice League,"Determined to ensure Superman's ultimate sacrifice was not in vain, Bruce Wayne aligns forces with Diana Prince with plans to recruit a team of metahumans to protect the world from an approaching threat of catastrophic proportions.",https://image.tmdb.org/t/p/w1280/tnAuB8q5vv7Ax9UAEje5Xi4BXik.jpg,movie,"[28, 12, 14, 878]",265.526,2021-03-18,8.243,8295
https://image.tmdb.org/t/p/w1280/yCLPWu56FBKaLeK2DsnQr4QLkIt.jpg,The Witch: Part 2. The Other One,ko,마녀 2,"A girl wakes up in a huge secret laboratory, then accidentally meets another girl who is trying to protect her house from a gang. The mystery girl overthrows the gang with her unexpected powers, and laboratory staff set out to find her.",https://image.tmdb.org/t/p/w1280/icQM4lMTEUVYPrSOV3BH9LZjvmY.jpg,movie,"[28, 9648, 53, 878]",133.831,2022-06-15,7.4,88
https://image.tmdb.org/t/p/w1280/o1k6zNKYVQuNx5DIyVpT9j6gwaQ.jpg,The Menu,en,The Menu,"A couple travels to a coastal island to eat at an exclusive restaurant where the chef has prepared a lavish menu, with some shocking surprises.",https://image.tmdb.org/t/p/w1280/3R3dopFTwneJVPW3ubcrnoPfI05.jpg,movie,"[35, 27, 53]",50.482,2022-11-17,8.0,1
https://image.tmdb.org/t/p/w1280/ng6SSB3JhbcpKTwbPDsRwUYK8Cq.jpg,Spider-Man: Far from Home,en,Spider-Man: Far from Home,"Peter Parker and his friends go on a summer trip to Europe. However, they will hardly be able to rest - Peter will have to agree to help Nick Fury uncover the mystery of creatures that cause natural disasters and destruction throughout the continent.",https://image.tmdb.org/t/p/w1280/4q2NNj4S5dG2RLF9CpXsej7yXl.jpg,movie,"[28, 12, 878]",87.316,2019-06-28,7.483,13295
https://image.tmdb.org/t/p/w1280/sbS8e0XBqSeNhJi3Ej1phqVnGCy.jpg,Mr. Harrigan's Phone,en,Mr. Harrigan's Phone,"Craig, a young boy living in a small town befriends an older, reclusive billionaire, Mr. Harrigan. The two form a bond over books and an iPhone, but when the man passes away the boy discovers that not everything dead is gone.",https://image.tmdb.org/t/p/w1280/gPn9e8eP7TeKQU4IeWAMzOajR40.jpg,movie,"[18, 53, 27]",166.012,2022-10-05,6.66,420
https://image.tmdb.org/t/p/w1280/zxWAv1A34kdYslBi4ekMDtgIGUt.jpg,Shang-Chi and the Legend of the Ten Rings,en,Shang-Chi and the Legend of the Ten Rings,Shang-Chi must confront the past he thought he left behind when he is drawn into the web of the mysterious Ten Rings organization.,https://image.tmdb.org/t/p/w1280/1BIoJGKbXjdFDAqUEiA2VHqkK1Z.jpg,movie,"[28, 12, 14]",248.73,2021-09-01,7.651,7379
https://image.tmdb.org/t/p/w1280/yFuKvT4Vm3sKHdFY4eG6I4ldAnn.jpg,Captain America: The First Avenger,en,Captain America: The First Avenger,"During World War II, Steve Rogers is a sickly man from Brooklyn who's transformed into super-soldier Captain America to aid in the war effort. Rogers must stop the Red Skull – Adolf Hitler's ruthless head of weaponry, and the leader of an organization that intends to use a mysterious device of untold powers for world domination.",https://image.tmdb.org/t/p/w1280/vSNxAJTlD0r02V9sPYpOjqDZXUK.jpg,movie,"[28, 12, 878]",65.814,2011-07-22,6.988,19206
https://image.tmdb.org/t/p/w1280/z8KsgBFtduX5bS1yVkjoGo4L7KJ.jpg,The Greatest Beer Run Ever,en,The Greatest Beer Run Ever,"Chickie wants to support his friends fighting in Vietnam, so he does something wild—personally bring them American beer. What starts as a well-meaning journey quickly changes Chickie’s life and perspective. Based on a true story.",https://image.tmdb.org/t/p/w1280/ggf37TpcKaxwguhvtNn6MQpyqBn.jpg,movie,"[18, 35, 10752]",231.625,2022-09-30,7.89,328
https://image.tmdb.org/t/p/w1280/7lmBufEG7P7Y1HClYK3gCxYrkgS.jpg,Iron Man 2,en,Iron Man 2,"With the world now aware of his dual life as the armored superhero Iron Man, billionaire inventor Tony Stark faces pressure from the government, the press and the public to share his technology with the military. Unwilling to let go of his invention, Stark, with Pepper Potts and James 'Rhodey' Rhodes at his side, must forge new alliances – and confront powerful enemies.",https://image.tmdb.org/t/p/w1280/6WBeq4fCfn7AN0o21W9qNcRF2l9.jpg,movie,"[12, 28, 878]",155.524,2010-04-28,6.832,18570
https://image.tmdb.org/t/p/w1280/Ab8mkHmkYADjU7wQiOkia9BzGvS.jpg,Spirited Away,ja,千と千尋の神隠し,"A young girl, Chihiro, becomes trapped in a strange new world of spirits. When her parents undergo a mysterious transformation, she must call upon the courage she never knew she had to free her family.",https://image.tmdb.org/t/p/w1280/39wmItIWsg5sZMyRUHLkWBcuVCM.jpg,movie,"[16, 10751, 14]",82.251,2001-07-20,8.543,13537
https://image.tmdb.org/t/p/w1280/ew5FcYiRhTYNJAkxoVPMNlCOdVn.jpg,Batman Begins,en,Batman Begins,"Driven by tragedy, billionaire Bruce Wayne dedicates his life to uncovering and defeating the corruption that plagues his home, Gotham City.  Unable to work within the system, he instead creates a new identity, a symbol of fear for the criminal underworld - The Batman.",https://image.tmdb.org/t/p/w1280/8RW2runSEc34IwKN2D1aPcJd2UL.jpg,movie,"[28, 80, 18]",58.087,2005-06-10,7.692,18348
null,Hex,en,Hex,"Following a mysterious disappearance on a jump, a group of skydivers experience paranormal occurrences that leave them fighting for their lives.",https://image.tmdb.org/t/p/w1280/xFJHb43ZAnnuiDztxZYsmyopweb.jpg,movie,"[28, 27, 53]",17.033,2022-11-01,3.0,2
https://image.tmdb.org/t/p/w1280/askg3SMvhqEl4OL52YuvdtY40Yb.jpg,Coco,en,Coco,"Despite his family’s baffling generations-old ban on music, Miguel dreams of becoming an accomplished musician like his idol, Ernesto de la Cruz. Desperate to prove his talent, Miguel finds himself in the stunning and colorful Land of the Dead following a mysterious chain of events. Along the way, he meets charming trickster Hector, and together, they set off on an extraordinary journey to unlock the real story behind Miguel's family history.",https://image.tmdb.org/t/p/w1280/gGEsBPAijhVUFoiNpgZXqRVWJt2.jpg,movie,"[10751, 16, 14, 10402, 35, 12]",465.144,2017-10-27,8.227,16468
https://image.tmdb.org/t/p/w1280/6YwkGolwdOMNpbTOmLjoehlVWs5.jpg,Avengers: Age of Ultron,en,Avengers: Age of Ultron,"When Tony Stark tries to jumpstart a dormant peacekeeping program, things go awry and Earth’s Mightiest Heroes are put to the ultimate test as the fate of the planet hangs in the balance. As the villainous Ultron emerges, it is up to The Avengers to stop him from enacting his terrible plans, and soon uneasy alliances and unexpected action pave the way for an epic and unique global adventure.",https://image.tmdb.org/t/p/w1280/4ssDuvEDkSArWEdyBl2X5EHvYKU.jpg,movie,"[28, 12, 878]",155.467,2015-04-22,7.287,20563
https://image.tmdb.org/t/p/w1280/5bzPWQ2dFUl2aZKkp7ILJVVkRed.jpg,Back to the Future,en,Back to the Future,"Eighties teenager Marty McFly is accidentally sent back in time to 1955, inadvertently disrupting his parents' first meeting and attracting his mother's romantic interest. Marty must repair the damage to history by rekindling his parents' romance and - with the help of his eccentric inventor friend Doc Brown - return to 1985.",https://image.tmdb.org/t/p/w1280/fNOH9f1aA7XRTzl1sAOx9iF553Q.jpg,movie,"[12, 35, 878]",67.079,1985-07-03,8.307,17148
https://image.tmdb.org/t/p/w1280/aJn9XeesqsrSLKcHfHP4u5985hn.jpg,Guardians of the Galaxy Vol. 2,en,Guardians of the Galaxy Vol. 2,The Guardians must fight to keep their newfound family together as they unravel the mysteries of Peter Quill's true parentage.,https://image.tmdb.org/t/p/w1280/y4MBh0EjBlMuOzv9axM4qJlmhzz.jpg,movie,"[12, 28, 878]",92.483,2017-04-19,7.628,18900
https://image.tmdb.org/t/p/w1280/7FWlcZq3r6525LWOcvO9kNWurN1.jpg,Captain America: Civil War,en,Captain America: Civil War,"Following the events of Age of Ultron, the collective governments of the world pass an act designed to regulate all superhuman activity. This polarizes opinion amongst the Avengers, causing two factions to side with Iron Man or Captain America, which causes an epic battle between former allies.",https://image.tmdb.org/t/p/w1280/rAGiXaUfPzY7CDEyNKUofk3Kw2e.jpg,movie,"[12, 28, 878]",114.788,2016-04-27,7.436,20430
https://image.tmdb.org/t/p/w1280/wHH0NliunO5HYH2O8L5bl9Gmj48.jpg,Northern Skies Over Empty Space,es,El norte sobre el vacío,"With a keen sense of how to deploy omens that herald change, Alejandra Márquez Abella portrays a period of epochal change in rural Mexico – as seen by those who are usually restricted to the role of passive supporting actor.",https://image.tmdb.org/t/p/w1280/5Y9h7BNjm3PgR0mk6XjGszaRoWa.jpg,movie,[18],93.964,2022-02-17,7.0,6
https://image.tmdb.org/t/p/w1280/mX3WOJPBzzl4kj4xU5lL7qfD6C3.jpg,Batman v Superman: Dawn of Justice,en,Batman v Superman: Dawn of Justice,"Fearing the actions of a god-like Super Hero left unchecked, Gotham City’s own formidable, forceful vigilante takes on Metropolis’s most revered, modern-day savior, while the world wrestles with what sort of hero it really needs. And with Batman and Superman at war with one another, a new threat quickly arises, putting mankind in greater danger than it’s ever known before.",https://image.tmdb.org/t/p/w1280/5UsK3grJvtQrtzEgqNlDljJW96w.jpg,movie,"[28, 12, 14]",101.349,2016-03-23,5.934,16261
https://image.tmdb.org/t/p/w1280/3xGfsAYAxVmYj1CbE5vAkmMJbHo.jpg,"Confess, Fletch",en,"Confess, Fletch","The roguishly charming and endlessly troublesome Fletch becomes the prime suspect in a murder case while searching for a stolen art collection. The only way to prove his innocence? Find out which of the long list of suspects is the culprit - from the eccentric art dealer and a missing playboy to a crazy neighbor and Fletch’s Italian girlfriend. Crime, in fact, has never been this disorganized.",https://image.tmdb.org/t/p/w1280/4dqEk1X8rHSOWWfnVEuzgXj24Mr.jpg,movie,"[80, 35, 9648]",26.92,2022-09-16,6.2,44
